Date,Income,Price,Consumption,Sp_inf_adjust,Sp,Consumer_confidence,Policy_uncertainty,Baa_aaa,Real_income_excptTransfer,Salary_pre_tax,Income_tranfer,Unemploy_rate,TransRecpt
1959-01-01,351.5,15.164,306.1,621.64,55.62,,,0.75000,2426.0,252.3,23.9,6.0,9.5
1959-02-01,352.9,15.179,309.6,614.26,54.77,,,0.75000,2434.8,253.6,24.1,5.9,9.8
1959-03-01,355.2,15.189,312.7,629.85,56.16,,,0.72000,2452.7,256.1,24.0,5.6,9.9
1959-04-01,358.2,15.219,312.2,638.19,57.10,,,0.63000,2470.0,258.6,24.0,5.2,9.9
1959-05-01,360.3,15.227,316.1,647.80,57.96,95.3,,0.59000,2486.4,260.8,23.8,5.1,10.1
1959-06-01,362.6,15.271,318.2,640.00,57.46,,,0.58000,2493.9,262.3,24.0,5.0,10.1
1959-07-01,362.8,15.303,317.8,663.12,59.74,,,0.61000,2492.0,262.1,24.1,5.1,10.2
1959-08-01,361.2,15.325,320.2,659.34,59.40,,,0.66000,2477.7,260.2,24.0,5.2,10.4
1959-09-01,362.3,15.365,324.2,631.10,57.05,,,0.66000,2477.7,260.4,24.4,5.5,10.4
1959-10-01,363.4,15.402,322.8,628.40,57.00,,,0.71000,2480.6,261.1,24.5,5.7,10.6
1959-11-01,366.3,15.412,322.9,630.94,57.23,93.8,,0.70000,2497.2,263.2,25.1,5.8,10.6
1959-12-01,370.2,15.430,322.9,651.11,59.06,,,0.70000,2525.8,267.4,24.9,5.3,10.7
1960-01-01,370.8,15.421,323.6,641.94,58.03,,,0.73000,2537.6,270.1,24.4,5.2,10.7
1960-02-01,371.3,15.437,325.3,614.95,55.78,100.0,,0.78000,2539.9,270.8,24.5,4.8,10.7
1960-03-01,371.9,15.446,330.2,606.57,55.02,,,0.76000,2542.2,271.3,25.0,5.4,10.9
1960-04-01,374.7,15.502,336.5,612.32,55.73,,,0.75000,2551.4,273.0,25.1,5.2,10.9
1960-05-01,376.0,15.518,330.0,606.71,55.22,93.3,,0.82000,2557.6,273.7,25.2,5.1,11.0
1960-06-01,376.5,15.525,330.1,627.00,57.26,,,0.81000,2557.0,273.5,25.6,5.4,11.1
1960-07-01,377.7,15.553,331.4,611.45,55.84,,,0.81000,2561.9,274.4,25.6,5.5,11.2
1960-08-01,377.5,15.579,331.6,618.79,56.51,97.2,,0.80000,2555.4,273.8,26.0,5.6,11.2
1960-09-01,378.3,15.588,333.4,600.17,54.81,,,0.76000,2556.1,273.8,26.5,5.5,11.3
1960-10-01,380.1,15.606,335.4,584.40,53.73,,,0.81000,2564.1,274.9,26.5,6.1,11.4
1960-11-01,379.8,15.659,335.4,603.32,55.47,90.1,,0.77000,2549.4,273.7,27.1,6.1,11.5
1960-12-01,378.2,15.662,331.3,617.79,56.80,,,0.75000,2534.5,271.4,27.5,6.6,11.7
1961-01-01,381.9,15.665,332.2,649.55,59.72,,,0.78000,2556.6,273.4,27.8,6.6,11.8
1961-02-01,383.8,15.679,333.7,676.20,62.17,91.6,,0.80000,2556.8,273.4,29.4,6.9,12.0
1961-03-01,385.2,15.670,337.7,697.41,64.12,,,0.80000,2569.4,274.5,29.2,6.9,12.1
1961-04-01,385.8,15.661,337.6,716.01,65.83,,,0.76000,2578.3,275.5,28.8,7.0,12.3
1961-05-01,389.2,15.670,339.9,723.29,66.50,92.5,,0.74000,2593.7,277.4,29.7,7.1,12.3
1961-06-01,393.3,15.677,340.9,713.72,65.62,,,0.70000,2614.5,279.9,30.6,6.9,12.5
1961-07-01,395.5,15.711,340.6,707.02,65.44,,,0.68000,2620.7,281.2,30.9,7.0,12.5
1961-08-01,395.9,15.724,342.1,734.86,67.79,99.2,,0.66000,2631.9,282.6,29.5,6.6,12.8
1961-09-01,396.7,15.742,344.4,726.68,67.26,,,0.67000,2637.0,283.0,29.2,6.7,13.1
1961-10-01,400.8,15.741,346.5,734.68,68.00,,,0.71000,2665.2,285.8,29.2,6.5,13.2
1961-11-01,404.6,15.742,349.9,767.95,71.08,93.0,,0.72000,2689.7,288.9,29.3,6.1,13.5
1961-12-01,407.1,15.746,352.4,775.08,71.74,,,0.68000,2704.5,290.5,29.7,6.0,13.5
1962-01-01,406.9,15.776,353.2,746.24,69.07,,,0.66000,2700.8,290.8,29.9,5.8,13.7
1962-02-01,409.8,15.818,354.0,756.14,70.22,99.9,,0.65000,2713.9,293.1,29.9,5.5,13.8
1962-03-01,413.1,15.839,357.4,756.89,70.29,,,0.65000,2731.9,295.9,30.2,5.6,13.9
1962-04-01,415.4,15.857,359.0,730.35,68.05,,,0.69000,2749.0,298.2,29.9,5.6,14.1
1962-05-01,415.9,15.867,362.0,676.04,62.99,95.4,,0.72000,2752.9,298.7,30.0,5.5,14.2
1962-06-01,416.2,15.877,360.4,597.05,55.63,,,0.74000,2756.3,299.3,30.1,5.5,14.2
1962-07-01,417.8,15.868,361.4,609.41,56.97,,,0.71000,2769.4,300.3,30.3,5.4,14.4
1962-08-01,418.8,15.891,362.9,625.99,58.52,91.6,,0.71000,2772.5,300.6,30.6,5.7,14.6
1962-09-01,421.0,15.969,368.8,618.39,58.00,,,0.71000,2775.8,302.6,30.4,5.6,14.5
1962-10-01,422.6,15.953,366.5,598.88,56.17,,,0.71000,2785.0,302.8,31.4,5.4,14.9
1962-11-01,424.1,15.964,371.7,640.14,60.04,95.0,,0.71000,2798.3,304.5,31.1,5.7,14.8
1962-12-01,425.9,15.958,373.6,667.86,62.64,,,0.68000,2813.0,305.5,31.0,5.5,14.8
1963-01-01,430.0,15.997,374.4,693.66,65.06,,,0.70000,2806.3,306.4,35.1,5.7,14.9
1963-02-01,427.9,16.014,373.4,702.83,65.92,98.4,,0.70000,2813.7,307.9,31.4,5.9,14.9
1963-03-01,429.4,16.001,375.0,697.87,65.67,,,0.69000,2826.3,309.6,31.5,5.7,15.0
1963-04-01,431.1,16.000,376.4,730.71,68.76,,,0.66000,2834.3,310.1,31.5,5.7,15.0
1963-05-01,433.5,16.026,377.2,745.37,70.14,91.7,,0.63000,2846.3,312.2,31.8,5.9,15.2
1963-06-01,436.6,16.061,381.7,742.62,70.11,,,0.61000,2861.0,314.8,31.8,5.6,15.3
1963-07-01,438.0,16.093,384.4,729.22,69.07,,,0.58000,2862.7,315.1,31.8,5.6,15.4
1963-08-01,440.3,16.115,386.3,749.39,70.98,96.4,,0.54000,2872.9,316.7,32.0,5.4,15.4
1963-09-01,443.5,16.112,385.5,769.13,72.85,,,0.53000,2893.0,318.8,32.1,5.5,15.4
1963-10-01,447.0,16.143,386.0,768.53,73.03,,,0.51000,2908.9,320.8,32.3,5.5,15.5
1963-11-01,448.5,16.166,389.4,764.21,72.62,94.4,,0.51000,2915.8,321.6,32.3,5.7,15.4
1963-12-01,452.8,16.190,394.7,778.00,74.17,,,0.50000,2936.6,324.3,33.0,5.5,15.6
1964-01-01,455.3,16.224,396.8,801.91,76.45,,,0.44000,2936.3,324.9,34.9,5.6,15.6
1964-02-01,457.4,16.247,400.2,811.77,77.39,99.5,,0.47000,2962.7,329.0,32.8,5.4,15.7
1964-03-01,468.5,16.257,401.8,826.56,78.80,,,0.45000,2977.8,330.7,33.0,5.4,15.8
1964-04-01,471.4,16.269,402.8,838.52,79.94,,,0.45000,2996.0,332.9,33.2,5.3,15.9
1964-05-01,473.9,16.271,408.4,846.70,80.72,98.5,,0.44000,3014.9,334.9,33.2,5.1,15.9
1964-06-01,476.2,16.294,411.4,838.95,80.24,,,0.44000,3026.6,336.7,33.2,5.2,15.9
1964-07-01,479.0,16.315,414.9,867.31,83.22,,,0.43000,3043.0,339.1,33.5,4.9,16.1
1964-08-01,481.5,16.327,417.7,857.35,82.00,100.6,,0.41000,3061.5,341.7,33.4,5.0,16.2
1964-09-01,484.2,16.352,416.6,869.29,83.41,,,0.40000,3074.4,343.4,33.6,5.1,16.2
1964-10-01,484.3,16.362,419.6,884.30,84.85,,,0.39000,3076.4,343.3,33.6,5.1,16.2
1964-11-01,488.1,16.385,416.4,887.60,85.44,99.9,,0.38000,3099.1,346.5,33.5,4.8,16.2
1964-12-01,493.5,16.409,421.0,872.22,83.96,,,0.37000,3128.9,350.3,34.1,5.0,16.4
1965-01-01,495.0,16.427,424.4,894.66,86.12,,,0.37000,3134.5,350.9,36.6,4.9,16.5
1965-02-01,495.4,16.434,431.4,901.20,86.75,102.0,,0.37000,3151.6,352.8,34.2,5.1,16.5
1965-03-01,497.7,16.455,433.3,899.15,86.83,,,0.36000,3167.2,354.7,34.3,4.7,16.5
1965-04-01,499.0,16.481,437.1,908.06,87.97,,,0.37000,3178.8,356.2,34.7,4.8,16.6
1965-05-01,505.6,16.518,437.6,921.58,89.28,105.4,,0.37000,3199.2,359.5,34.5,4.6,16.6
1965-06-01,507.8,16.566,435.2,872.26,85.04,,,0.39000,3208.7,361.0,34.7,4.6,16.8
1965-07-01,513.5,16.578,441.0,870.92,84.91,,,0.40000,3230.4,363.7,34.9,4.4,16.8
1965-08-01,516.2,16.582,444.4,887.13,86.49,103.4,,0.39000,3247.6,366.1,34.5,4.4,16.7
1965-09-01,529.9,16.590,452.0,916.77,89.38,,,0.39000,3268.7,368.8,45.0,4.3,26.9
1965-10-01,527.5,16.595,458.5,934.43,91.39,,,0.37000,3305.3,373.9,36.4,4.2,18.7
1965-11-01,532.1,16.623,459.1,942.20,92.15,102.9,,0.35000,3328.6,377.1,37.0,4.1,19.0
1965-12-01,536.3,16.683,461.7,934.96,91.73,,,0.34000,3346.5,380.3,37.3,4.0,19.1
1966-01-01,537.2,16.703,465.2,951.17,93.32,,,0.32000,3353.6,382.1,37.6,4.0,19.2
1966-02-01,541.7,16.772,470.2,938.84,92.69,100.0,,0.34000,3370.7,386.0,37.9,3.8,19.4
1966-03-01,545.2,16.813,475.0,897.44,88.88,,,0.40000,3389.3,389.2,38.1,3.8,19.3
1966-04-01,545.0,16.871,476.9,919.18,91.60,,,0.45000,3388.0,392.7,37.9,3.8,19.5
1966-05-01,546.5,16.892,473.1,870.81,86.78,95.7,,0.50000,3399.6,395.5,38.0,3.9,19.9
1966-06-01,550.2,16.934,475.5,860.92,86.06,,,0.51000,3419.3,399.5,37.8,3.8,19.8
1966-07-01,553.1,16.967,480.6,856.08,85.84,,,0.52000,3434.6,403.4,37.7,3.8,19.8
1966-08-01,558.1,17.032,483.2,799.40,80.65,91.2,,0.52000,3444.1,406.4,39.4,3.8,19.9
1966-09-01,563.2,17.086,489.2,771.25,77.81,,,0.60000,3453.4,408.7,41.7,3.7,20.1
1966-10-01,566.5,17.131,488.3,759.86,77.13,,,0.69000,3468.5,411.7,41.9,3.7,19.9
1966-11-01,570.0,17.156,490.1,797.89,80.99,88.3,,0.78000,3482.4,413.7,43.5,3.6,20.2
1966-12-01,570.7,17.192,491.8,801.24,81.33,,,0.79000,3478.0,415.1,44.1,3.8,20.5
1967-01-01,576.6,17.193,494.2,831.98,84.45,,,0.77000,3508.2,418.2,44.9,3.9,20.6
1967-02-01,578.4,17.213,493.0,860.65,87.36,94.1,,0.79000,3507.6,418.3,45.9,3.8,20.6
1967-03-01,583.0,17.222,495.8,878.27,89.42,,,0.72000,3521.1,420.1,47.5,3.8,20.8
1967-04-01,583.8,17.251,501.3,890.70,90.96,,,0.72000,3522.2,421.8,46.9,3.8,21.0
1967-05-01,586.1,17.284,502.2,903.93,92.59,95.9,,0.72000,3527.6,422.7,47.2,3.8,21.1
1967-06-01,590.2,17.339,506.8,889.92,91.43,,,0.71000,3541.4,426.3,47.6,3.9,21.1
1967-07-01,594.5,17.398,506.7,902.59,93.01,,,0.68000,3557.6,429.1,48.4,3.8,21.4
1967-08-01,598.5,17.452,509.8,914.22,94.49,97.0,,0.71000,3572.9,432.5,49.0,3.8,21.2
1967-09-01,600.2,17.505,515.6,924.23,95.81,,,0.75000,3577.9,434.4,48.8,3.8,21.2
1967-10-01,602.8,17.554,512.2,920.04,95.66,,,0.70000,3579.1,436.6,49.6,4.0,21.5
1967-11-01,608.5,17.612,517.4,888.55,92.66,92.9,,0.65000,3601.6,442.0,50.1,3.9,21.5
1967-12-01,610.5,17.640,525.1,911.17,95.30,,,0.74000,3611.3,446.1,50.4,3.8,21.5
1968-01-01,616.7,17.722,530.9,903.36,95.04,,,0.67000,3629.2,448.9,51.3,3.7,21.5
1968-02-01,623.6,17.794,533.6,860.06,90.75,97.2,,0.70000,3658.9,455.2,51.5,3.8,21.7
1968-03-01,631.6,17.852,544.3,841.87,89.09,,,0.74000,3676.8,458.6,54.5,3.7,24.4
1968-04-01,635.7,17.908,544.0,901.42,95.67,,,0.76000,3688.0,461.4,55.9,3.5,24.7
1968-05-01,640.7,17.974,549.8,919.47,97.87,92.4,,0.76000,3710.6,466.2,55.8,3.5,24.9
1968-06-01,645.6,18.032,556.3,938.74,100.50,,,0.79000,3728.6,470.1,56.1,3.7,24.9
1968-07-01,646.3,18.087,563.2,931.50,100.30,,,0.74000,3751.3,474.5,56.6,3.7,25.2
1968-08-01,649.8,18.161,567.0,908.56,98.11,92.4,,0.80000,3765.4,478.1,57.7,3.5,25.4
1968-09-01,652.1,18.224,568.2,935.43,101.30,,,0.82000,3785.0,482.4,57.8,3.4,25.6
1968-10-01,657.3,18.304,571.6,953.08,103.80,,,0.75000,3790.5,485.6,58.3,3.4,25.5
1968-11-01,662.0,18.366,576.7,965.04,105.40,91.7,,0.82000,3807.9,489.9,58.7,3.4,25.7
1968-12-01,665.7,18.404,576.5,972.37,106.50,,,0.78000,3823.3,492.8,59.1,3.4,25.7
1969-01-01,667.1,18.476,583.5,928.66,102.00,,,0.73000,3824.3,495.3,59.8,3.4,25.8
1969-02-01,668.9,18.523,588.7,918.95,101.50,98.2,,0.64000,3840.1,498.2,60.6,3.4,26.0
1969-03-01,673.3,18.610,588.9,891.56,99.30,,,0.66000,3859.1,503.7,60.9,3.4,26.0
1969-04-01,675.3,18.692,593.9,904.51,101.30,,,0.65000,3868.8,507.0,61.2,3.4,26.1
1969-05-01,685.7,18.767,600.3,931.41,104.60,91.5,,0.73000,3884.3,511.3,61.6,3.4,26.2
1969-06-01,693.9,18.858,600.9,877.96,99.14,,,0.72000,3899.4,515.9,61.8,3.5,26.5
1969-07-01,701.8,18.941,602.7,834.17,94.71,,,0.76000,3920.7,522.0,62.4,3.5,26.5
1969-08-01,708.1,18.993,609.9,825.02,94.18,86.4,,0.89000,3945.2,526.8,63.0,3.5,26.6
1969-09-01,712.6,19.072,613.2,825.68,94.51,,,0.91000,3955.8,530.5,63.3,3.7,26.6
1969-10-01,716.7,19.137,618.5,830.03,95.52,,,0.89000,3961.6,533.4,63.9,3.7,26.7
1969-11-01,721.0,19.220,620.5,831.57,96.21,79.7,,0.90000,3965.8,536.4,64.2,3.5,26.7
1969-12-01,725.7,19.308,622.8,783.31,91.11,,,0.93000,3972.8,539.6,64.9,3.5,26.8
1970-01-01,732.1,19.377,628.7,774.38,90.31,,,0.95000,3979.5,542.0,65.3,3.9,27.0
1970-02-01,737.4,19.454,634.0,743.43,87.16,78.1,,0.85000,3986.5,544.8,66.3,4.2,27.1
1970-03-01,742.0,19.502,632.3,752.18,88.65,,,0.79000,4001.6,548.5,66.7,4.4,27.2
1970-04-01,753.8,19.601,636.0,723.59,85.95,,,0.87000,3978.0,546.7,80.2,4.6,39.5
1970-05-01,753.1,19.663,642.4,638.67,76.06,75.4,,0.87000,3986.4,548.7,73.8,4.8,31.5
1970-06-01,756.6,19.714,646.3,631.45,75.59,,,0.77000,3999.3,551.8,74.2,4.9,31.5
1970-07-01,770.2,19.786,648.5,629.30,75.72,,,0.96000,4020.4,554.9,75.1,5.0,31.7
1970-08-01,774.6,19.838,652.9,647.58,77.92,77.6,,1.31000,4028.3,556.6,76.0,5.1,32.0
1970-09-01,777.3,19.927,659.1,682.81,82.58,,,1.30000,4017.2,555.7,77.9,5.4,32.1
1970-10-01,778.6,20.026,658.3,694.07,84.37,,,1.30000,3994.3,554.0,79.8,5.5,32.3
1970-11-01,780.5,20.105,656.6,689.82,84.28,72.4,,1.33000,3992.7,555.1,79.6,5.9,32.1
1970-12-01,787.5,20.194,665.6,733.35,90.05,,,1.48000,4002.9,560.0,80.9,6.1,32.5
1971-01-01,801.3,20.237,676.1,761.36,93.49,,,1.38000,4041.6,567.7,81.0,5.9,32.6
1971-02-01,804.7,20.296,679.4,788.86,97.11,78.1,,1.31000,4045.8,570.4,82.1,5.9,32.8
1971-03-01,810.0,20.363,682.0,807.06,99.60,,,1.25000,4056.9,573.4,83.0,6.0,33.0
1971-04-01,814.9,20.443,688.8,832.53,103.00,,,1.20000,4068.1,576.4,83.5,5.9,33.1
1971-05-01,821.6,20.528,691.1,817.14,101.60,80.2,,1.09000,4084.7,581.5,84.0,5.9,33.3
1971-06-01,842.6,20.619,699.8,796.09,99.72,,,1.11000,4086.5,583.5,101.3,5.9,49.7
1971-07-01,833.2,20.681,698.9,788.40,99.00,,,1.12000,4091.7,585.1,88.7,6.0,37.0
1971-08-01,838.5,20.741,704.9,772.49,97.24,82.1,,1.17000,4107.2,589.1,89.0,6.1,37.2
1971-09-01,844.7,20.772,713.0,789.65,99.40,,,1.15000,4125.2,592.2,91.0,6.0,37.4
1971-10-01,848.8,20.804,715.8,771.00,97.29,,,1.09000,4142.0,593.8,90.2,5.8,37.4
1971-11-01,852.5,20.847,720.9,735.26,92.78,82.0,,1.12000,4159.2,596.5,91.7,6.0,37.8
1971-12-01,860.2,20.929,728.4,782.07,99.17,,,1.13000,4184.5,605.0,91.8,6.0,38.0
1972-01-01,859.4,21.015,731.5,814.64,103.30,,,1.04000,4208.2,612.0,91.9,5.8,38.2
1972-02-01,868.0,21.098,736.2,825.61,105.20,92.8,,0.96000,4231.9,619.4,95.3,5.7,38.3
1972-03-01,872.9,21.128,749.2,843.19,107.70,,,1.00000,4259.5,624.0,95.8,5.8,38.4
1972-04-01,873.9,21.160,752.5,849.75,108.80,,,0.94000,4273.3,627.0,94.4,5.7,38.5
1972-05-01,882.2,21.207,758.0,839.13,107.70,88.6,,0.93000,4291.2,630.0,95.1,5.7,38.7
1972-06-01,886.4,21.239,761.6,839.45,108.00,,,0.97000,4304.2,634.1,95.2,5.7,39.0
1972-07-01,896.0,21.315,769.9,829.26,107.20,,,1.02000,4332.2,636.0,95.8,5.6,39.2
1972-08-01,907.0,21.377,776.3,856.61,111.00,95.2,,1.00000,4375.5,642.5,96.2,5.6,39.2
1972-09-01,914.6,21.473,781.1,842.26,109.40,,,0.87000,4396.4,648.4,96.1,5.5,39.5
1972-10-01,938.6,21.497,794.9,839.81,109.60,,,0.85000,4471.0,658.1,104.2,5.6,47.2
1972-11-01,951.8,21.561,800.5,879.87,115.10,90.7,,0.87000,4504.1,663.5,108.2,5.3,47.5
1972-12-01,959.2,21.630,806.1,896.10,117.50,,,0.85000,4530.8,670.2,106.8,5.2,47.7
1973-01-01,957.1,21.695,816.5,900.85,118.40,,,0.75000,4506.6,676.1,108.0,4.9,48.4
1973-02-01,969.3,21.809,825.8,862.81,114.20,81.9,,0.75000,4523.8,684.3,108.8,5.0,49.1
1973-03-01,979.7,21.964,832.8,841.37,112.40,,,0.74000,4525.8,689.6,110.4,4.9,49.7
1973-04-01,988.3,22.127,835.7,819.97,110.30,,,0.83000,4539.4,695.1,110.3,5.0,50.0
1973-05-01,995.0,22.236,841.6,791.48,107.20,77.0,,0.77000,4556.1,699.8,112.1,4.9,50.4
1973-06-01,1003.7,22.363,844.3,768.51,104.80,,,0.76000,4573.5,705.6,112.0,4.9,50.6
1973-07-01,1009.8,22.444,854.1,774.09,105.80,,,0.79000,4591.5,711.7,111.7,4.8,50.8
1973-08-01,1018.1,22.703,853.3,745.98,103.80,72.0,,0.85000,4573.1,715.1,113.7,4.8,51.1
1973-09-01,1027.4,22.793,869.2,757.24,105.60,,,1.00000,4601.6,721.8,114.5,4.8,51.7
1973-10-01,1042.3,22.922,868.2,780.45,109.80,,,0.81000,4644.2,728.5,115.6,4.6,51.5
1973-11-01,1052.5,23.110,876.9,720.27,102.00,76.5,,0.75000,4654.9,736.6,116.8,4.8,52.2
1973-12-01,1057.3,23.300,876.6,664.94,94.78,,,0.80000,4644.0,740.9,117.0,4.9,52.3
1974-01-01,1059.6,23.523,884.5,668.48,96.11,,,0.65000,4589.0,743.8,120.8,5.1,52.4
1974-02-01,1063.9,23.797,889.7,641.72,93.45,61.8,,0.68000,4559.3,748.5,121.9,5.2,52.4
1974-03-01,1068.6,24.073,901.4,660.72,97.44,,,0.61000,4527.8,752.2,122.9,5.1,52.6
1974-04-01,1075.3,24.243,910.8,624.34,92.46,,,0.62000,4505.4,756.7,128.5,5.1,56.6
1974-05-01,1084.8,24.482,922.4,598.03,89.67,72.1,,0.68000,4508.4,766.1,130.2,5.1,56.9
1974-06-01,1091.8,24.690,928.0,593.94,89.79,,,0.80000,4506.5,773.1,131.0,5.4,57.3
1974-07-01,1104.1,24.872,937.9,520.37,79.31,,,0.76000,4510.0,776.9,136.0,5.5,59.6
1974-08-01,1114.1,25.132,954.8,492.86,76.03,64.4,,0.77000,4503.6,783.0,136.9,5.5,59.9
1974-09-01,1124.5,25.393,955.1,436.35,68.12,,,0.94000,4498.0,789.4,138.4,5.9,60.0
1974-10-01,1136.2,25.575,959.2,440.45,69.44,,,1.21000,4507.8,795.5,141.1,6.0,60.7
1974-11-01,1138.6,25.767,956.2,451.51,71.74,59.5,,1.71000,4472.5,790.7,143.5,6.6,61.2
1974-12-01,1147.8,25.971,961.8,418.86,67.07,,,1.74000,4456.0,791.4,148.2,7.2,61.8
1975-01-01,1154.2,26.132,975.6,451.41,72.56,,,1.98000,4442.2,792.5,151.6,8.1,61.6
1975-02-01,1161.1,26.274,989.4,494.52,80.10,57.6,,2.03000,4421.8,790.3,157.2,8.1,62.1
1975-03-01,1166.0,26.363,990.6,515.27,83.78,,,1.81000,4421.6,792.9,158.8,8.6,62.3
1975-04-01,1191.4,26.452,995.0,519.09,84.72,,,1.63000,4416.5,793.3,162.4,8.8,62.4
1975-05-01,1265.1,26.558,1018.9,548.94,90.10,72.8,,1.79000,4439.9,800.8,165.0,9.0,63.2
1975-06-01,1230.2,26.724,1026.8,558.75,92.40,,,1.85000,4449.0,806.9,187.2,8.8,63.1
1975-07-01,1221.6,26.953,1039.8,553.10,92.49,,,1.71000,4447.1,811.2,174.0,8.6,68.5
1975-08-01,1235.1,27.070,1047.0,511.61,85.71,75.7,,1.64000,4484.7,823.6,174.9,8.4,69.3
1975-09-01,1244.2,27.204,1054.8,502.63,84.67,,,1.66000,4497.5,829.1,175.6,8.4,69.2
1975-10-01,1256.7,27.362,1060.9,522.91,88.57,,,1.76000,4516.9,837.9,177.9,8.4,69.7
1975-11-01,1263.8,27.538,1075.8,527.91,90.07,75.6,,1.78000,4526.8,846.2,176.3,8.3,69.4
1975-12-01,1272.0,27.690,1092.1,518.01,88.70,,,1.77000,4528.7,853.2,178.8,8.2,69.9
1976-01-01,1285.2,27.795,1107.1,564.65,96.86,,,1.81000,4553.5,865.1,181.9,7.9,71.1
1976-02-01,1294.9,27.831,1107.7,584.35,100.60,84.6,,1.69000,4583.4,872.0,182.2,7.7,70.8
1976-03-01,1300.7,27.873,1114.9,586.20,101.10,,,1.60000,4601.8,876.6,181.2,7.6,71.0
1976-04-01,1305.4,27.936,1125.4,588.73,101.90,,,1.54000,4626.6,883.5,180.3,7.7,71.2
1976-05-01,1311.7,28.069,1122.7,580.55,101.20,83.3,,1.28000,4640.8,890.9,178.9,7.4,71.1
1976-06-01,1318.7,28.192,1140.5,580.91,101.80,,,1.27000,4644.1,893.8,180.9,7.6,72.0
1976-07-01,1332.9,28.335,1149.6,591.48,104.20,,,1.26000,4660.0,900.6,186.6,7.8,76.8
1976-08-01,1343.0,28.491,1158.0,583.31,103.30,89.7,,1.19000,4678.0,909.6,186.7,7.8,76.9
1976-09-01,1350.8,28.651,1168.8,593.66,105.50,,,1.02000,4685.6,915.1,186.9,7.6,77.3
1976-10-01,1355.5,28.801,1176.8,570.43,101.90,,,0.97000,4689.5,920.5,186.3,7.7,78.1
1976-11-01,1374.0,28.932,1189.0,565.54,101.20,87.0,,0.98000,4728.2,931.0,189.5,7.8,78.9
1976-12-01,1386.9,29.094,1211.5,583.09,104.70,,,1.14000,4744.1,938.4,190.7,7.8,78.9
1977-01-01,1392.2,29.263,1215.0,575.11,103.80,,,1.12000,4726.1,939.3,189.4,7.5,79.1
1977-02-01,1390.7,29.492,1231.3,553.91,101.00,87.1,,1.08000,4743.2,950.8,191.0,7.6,79.2
1977-03-01,1417.2,29.640,1238.3,548.01,100.60,,,1.02000,4765.4,960.1,192.5,7.4,79.3
1977-04-01,1427.7,29.812,1247.3,535.07,99.05,,,1.03000,4789.3,969.8,193.4,7.2,80.4
1977-05-01,1435.2,29.963,1257.1,530.85,98.76,90.2,,0.96000,4814.4,981.7,190.9,7.0,80.2
1977-06-01,1449.2,30.131,1263.6,530.18,99.29,,,0.96000,4829.7,991.2,189.9,7.2,80.5
1977-07-01,1466.1,30.287,1280.5,532.41,100.20,,,0.93000,4848.1,999.7,194.5,6.9,85.9
1977-08-01,1478.9,30.428,1285.7,517.69,97.75,89.0,,0.84000,4861.6,1005.6,197.9,7.0,86.0
1977-09-01,1492.6,30.543,1294.5,507.98,96.23,,,0.88000,4900.6,1017.2,197.3,6.8,86.9
1977-10-01,1510.4,30.685,1311.4,493.23,93.74,,,0.85000,4956.6,1030.7,195.7,6.8,86.1
1977-11-01,1531.2,30.861,1327.0,493.67,94.28,84.4,,0.87000,4987.6,1038.5,200.9,6.8,87.8
1977-12-01,1545.0,31.011,1336.0,489.68,93.82,,,0.80000,5014.3,1045.3,201.4,6.4,87.4
1978-01-01,1547.4,31.194,1329.5,468.03,90.25,83.7,,0.76000,4995.2,1051.4,202.4,6.4,88.1
1978-02-01,1563.8,31.339,1355.1,458.51,88.98,84.3,,0.73000,5021.5,1062.2,203.0,6.3,87.3
1978-03-01,1587.1,31.542,1377.5,454.08,88.82,78.8,,0.75000,5052.8,1077.9,204.6,6.3,88.0
1978-04-01,1604.6,31.781,1396.4,470.26,92.71,81.6,,0.76000,5093.2,1096.3,203.7,6.1,87.7
1978-05-01,1615.1,32.008,1412.0,489.50,97.41,82.9,,0.80000,5095.2,1103.9,206.6,6.0,88.0
1978-06-01,1625.7,32.217,1425.8,485.49,97.66,80.0,,0.84000,5124.9,1118.0,205.1,5.9,88.0
1978-07-01,1642.8,32.393,1426.8,479.47,97.19,82.4,,0.72000,5136.2,1128.6,212.8,6.2,93.9
1978-08-01,1658.1,32.557,1447.0,510.25,103.90,78.4,,0.79000,5159.7,1137.0,214.8,5.9,94.2
1978-09-01,1668.0,32.742,1452.9,506.41,103.90,80.4,,0.73000,5173.3,1148.4,214.0,6.0,94.7
1978-10-01,1685.8,33.003,1466.9,485.94,100.60,79.3,,0.70000,5195.9,1163.7,215.3,5.8,95.1
1978-11-01,1697.0,33.190,1480.6,455.45,94.71,75.0,,0.80000,5202.6,1173.7,217.7,5.9,95.3
1978-12-01,1713.4,33.345,1496.5,460.14,96.11,66.1,,0.78000,5236.1,1185.8,218.6,6.0,96.3
1979-01-01,1734.6,33.597,1502.4,473.18,99.71,72.1,,0.88000,5248.7,1196.3,222.6,5.9,96.4
1979-02-01,1750.9,33.776,1517.8,460.76,98.23,73.9,,0.82000,5278.5,1207.5,221.6,5.9,96.4
1979-03-01,1769.2,34.040,1531.2,464.82,100.10,68.4,,0.89000,5294.3,1222.0,224.0,5.8,96.8
1979-04-01,1773.1,34.395,1538.4,468.74,102.10,66.0,,0.95000,5242.7,1222.4,227.7,5.8,98.7
1979-05-01,1783.2,34.751,1558.8,452.09,99.73,68.1,,0.97000,5227.5,1233.2,228.3,5.6,97.4
1979-06-01,1793.3,35.038,1575.7,455.92,101.70,65.8,,1.09000,5235.8,1247.5,226.2,5.7,97.5
1979-07-01,1820.1,35.305,1586.1,455.37,102.70,60.4,,1.09000,5241.8,1259.5,241.5,5.7,107.4
1979-08-01,1836.7,35.575,1615.6,471.69,107.40,64.5,,1.12000,5250.9,1268.4,243.4,6.0,107.5
1979-09-01,1851.4,35.889,1633.9,471.85,108.60,66.7,,1.10000,5254.8,1280.3,244.0,5.9,107.9
1979-10-01,1865.5,36.182,1641.6,450.41,104.50,62.1,,1.27000,5253.6,1288.3,246.5,6.0,107.9
1979-11-01,1883.8,36.433,1657.3,442.84,103.70,63.3,,1.23000,5270.2,1300.5,249.1,5.9,108.6
1979-12-01,1903.8,36.739,1666.3,455.55,107.80,61.0,,1.32000,5283.1,1313.9,251.9,6.0,108.5
1980-01-01,1937.3,37.124,1697.3,462.02,110.90,67.0,,1.33000,5277.0,1321.4,259.9,6.3,108.8
1980-02-01,1948.1,37.526,1701.4,473.65,115.30,66.9,,1.19000,5256.5,1333.2,260.1,6.3,109.7
1980-03-01,1959.7,37.987,1708.2,423.67,104.70,56.5,,1.49000,5238.5,1346.8,258.2,6.3,109.5
1980-04-01,1967.7,38.185,1695.2,412.16,103.00,52.7,,2.15000,5228.0,1351.4,260.9,6.9,109.4
1980-05-01,1975.7,38.482,1700.1,426.75,107.70,51.7,,2.18000,5206.0,1351.0,264.4,7.5,110.1
1980-06-01,1992.4,38.725,1718.8,449.15,114.60,58.7,,2.13000,5214.4,1359.2,268.3,7.6,110.4
1980-07-01,2025.3,39.026,1747.1,469.53,119.80,62.3,,1.58000,5196.7,1361.7,294.5,7.8,126.0
1980-08-01,2044.1,39.351,1763.8,480.54,123.50,67.3,,1.51000,5215.0,1378.5,294.6,7.7,127.5
1980-09-01,2071.7,39.715,1780.5,488.11,126.50,73.7,,1.68000,5232.4,1391.7,300.6,7.5,127.3
1980-10-01,2104.5,40.033,1817.1,497.65,130.20,75.0,,1.92000,5292.9,1411.9,299.5,7.5,128.1
1980-11-01,2124.7,40.359,1826.8,514.43,135.70,76.7,,1.67000,5317.8,1430.8,297.7,7.5,127.6
1980-12-01,2148.2,40.621,1851.7,501.39,133.50,64.5,,1.93000,5339.5,1443.5,302.8,7.2,128.5
1981-01-01,2160.1,41.011,1870.0,495.50,133.00,71.4,,2.22000,5324.9,1458.3,303.5,7.5,130.2
1981-02-01,2175.0,41.426,1884.2,473.46,128.40,66.9,,2.02000,5309.3,1466.3,306.1,7.4,130.4
1981-03-01,2196.1,41.715,1902.9,487.83,133.20,66.5,,2.01000,5324.6,1478.4,309.8,7.4,131.6
1981-04-01,2199.2,41.897,1904.4,488.91,134.40,72.4,,1.68000,5320.2,1487.7,308.3,7.2,130.5
1981-05-01,2213.2,42.085,1913.8,475.35,131.70,76.3,,1.63000,5337.2,1495.2,310.2,7.5,131.2
1981-06-01,2234.0,42.253,1934.5,473.30,132.30,73.1,,2.05000,5370.9,1507.2,311.3,7.5,131.7
1981-07-01,2283.0,42.508,1942.1,456.81,129.10,74.1,,1.79000,5427.8,1518.4,328.0,7.2,146.1
1981-08-01,2303.9,42.774,1966.6,455.11,129.60,77.2,,1.45000,5454.8,1534.4,328.6,7.4,146.1
1981-09-01,2313.6,43.033,1965.5,411.41,118.30,73.1,,1.43000,5449.5,1538.9,328.9,7.6,146.7
1981-10-01,2326.6,43.228,1963.9,415.74,119.80,70.3,,1.71000,5430.4,1546.4,328.4,7.9,146.3
1981-11-01,2340.2,43.460,1970.6,425.13,122.90,62.5,,2.17000,5433.5,1553.1,332.0,8.3,146.3
1981-12-01,2344.2,43.594,1988.8,426.88,123.80,64.3,,2.32000,5430.3,1552.2,332.8,8.5,146.8
1982-01-01,2361.2,43.853,1997.1,403.18,117.30,71.0,,1.92000,5419.4,1561.0,333.5,8.6,146.6
1982-02-01,2374.8,43.985,2021.2,392.30,114.50,66.5,,1.91000,5439.4,1570.2,337.2,8.9,146.8
1982-03-01,2380.6,44.098,2024.1,380.03,110.80,62.0,,2.24000,5435.0,1571.4,338.2,9.0,146.9
1982-04-01,2405.5,44.120,2026.3,397.21,116.30,65.5,,2.32000,5466.4,1572.2,343.6,9.3,148.1
1982-05-01,2409.8,44.382,2044.5,393.82,116.40,67.5,,2.38000,5468.1,1584.8,344.8,9.4,147.4
1982-06-01,2414.1,44.704,2048.1,366.56,109.70,65.7,,2.11000,5445.2,1588.2,348.2,9.6,147.1
1982-07-01,2450.6,44.969,2072.2,363.68,109.40,65.4,,2.19000,5425.2,1593.7,359.5,9.8,157.9
1982-08-01,2462.2,45.108,2080.1,363.93,109.70,65.4,,2.61000,5436.7,1599.1,361.1,9.8,157.5
1982-09-01,2468.2,45.233,2104.6,405.24,122.40,69.3,,2.69000,5425.8,1596.5,365.9,10.1,157.5
1982-10-01,2479.6,45.487,2125.8,437.99,132.70,73.4,,2.61000,5415.4,1599.0,370.9,10.4,160.4
1982-11-01,2497.0,45.624,2149.3,456.75,138.10,72.1,,2.62000,5419.9,1602.1,381.0,10.8,164.7
1982-12-01,2513.0,45.693,2161.6,462.94,139.40,71.9,,2.31000,5451.9,1612.0,381.8,10.8,163.6
1983-01-01,2533.5,45.906,2174.0,478.23,144.30,70.4,,2.15000,5458.2,1621.8,377.5,10.4,161.7
1983-02-01,2538.9,45.984,2177.0,486.02,146.80,74.6,,1.94000,5458.5,1617.3,380.1,10.4,161.8
1983-03-01,2554.4,46.043,2202.8,502.90,151.90,80.8,,1.88000,5480.2,1628.2,384.6,10.3,162.9
1983-04-01,2571.6,46.253,2226.4,518.40,157.70,89.1,,1.78000,5489.2,1640.4,384.6,10.2,164.1
1983-05-01,2584.1,46.384,2245.9,536.17,164.10,93.3,,1.63000,5514.5,1655.5,388.9,10.1,164.1
1983-06-01,2595.8,46.557,2276.0,542.05,166.40,92.2,,1.63000,5529.9,1668.2,387.2,10.1,163.9
1983-07-01,2643.2,46.820,2304.4,541.83,167.00,92.8,,1.24000,5562.4,1683.9,382.6,9.4,164.4
1983-08-01,2649.4,47.020,2320.4,525.32,162.40,90.9,,1.13000,5555.9,1686.6,382.9,9.5,163.8
1983-09-01,2677.7,47.185,2334.9,538.16,167.20,89.9,,1.18000,5604.1,1703.7,381.9,9.2,163.7
1983-10-01,2706.0,47.265,2357.6,538.17,167.70,89.3,,1.21000,5668.5,1732.1,380.9,8.8,163.7
1983-11-01,2732.9,47.332,2366.3,529.10,165.20,91.1,,1.20000,5703.9,1738.9,388.8,8.5,169.0
1983-12-01,2758.5,47.358,2393.6,526.02,164.40,94.2,,1.18000,5755.7,1753.6,391.4,8.3,170.1
1984-01-01,2782.7,47.564,2419.4,529.28,166.40,100.1,,1.45000,5777.9,1771.7,392.9,8.0,170.8
1984-02-01,2817.5,47.884,2403.5,497.89,157.30,97.4,,1.51000,5819.3,1783.8,393.2,7.8,170.4
1984-03-01,2844.9,48.041,2431.6,497.24,157.40,101.0,,1.42000,5856.2,1796.5,395.6,7.8,171.6
1984-04-01,2875.0,48.224,2457.5,495.46,157.60,96.1,,1.50000,5896.5,1818.9,398.1,7.7,173.4
1984-05-01,2882.7,48.285,2474.5,490.88,156.60,98.1,,1.46000,5912.7,1823.5,397.8,7.4,171.7
1984-06-01,2906.9,48.371,2495.6,478.53,153.10,95.5,,1.50000,5961.8,1842.0,398.9,7.2,172.9
1984-07-01,2920.9,48.544,2494.6,470.46,151.10,96.6,,1.71000,5978.9,1856.7,399.3,7.5,172.1
1984-08-01,2949.8,48.693,2512.2,509.91,164.40,99.1,,1.76000,6019.6,1863.6,402.4,7.5,173.5
1984-09-01,2974.9,48.759,2533.8,512.73,166.10,100.9,,1.69000,6075.2,1880.9,401.3,7.3,171.7
1984-10-01,2970.8,48.874,2531.3,507.27,164.80,96.3,,1.31000,6049.7,1883.8,404.9,7.4,172.8
1984-11-01,2988.0,48.943,2571.4,511.88,166.30,95.7,,1.19000,6083.4,1900.2,406.7,7.2,173.4
1984-12-01,3014.9,49.081,2582.6,506.34,164.50,92.9,,1.27000,6112.7,1917.5,416.5,7.3,182.0
1985-01-01,3029.1,49.326,2618.8,527.20,171.60,96.0,174.55,1.18000,6106.5,1919.2,417.9,7.3,180.5
1985-02-01,3015.2,49.555,2640.8,553.15,180.90,93.7,165.72,1.10000,6111.5,1927.9,420.1,7.2,181.6
1985-03-01,3013.4,49.749,2648.5,546.50,179.40,93.7,132.26,1.13000,6140.2,1949.3,422.1,7.2,182.5
1985-04-01,3068.4,49.821,2659.5,547.58,180.60,94.6,110.64,1.28000,6128.2,1948.7,422.3,7.3,181.6
1985-05-01,3151.2,49.939,2696.4,558.53,184.90,91.8,125.66,1.43000,6144.9,1961.7,422.5,7.2,181.7
1985-06-01,3093.7,50.075,2689.4,569.02,188.90,96.5,147.68,1.46000,6171.1,1980.4,423.0,7.4,182.6
1985-07-01,3108.2,50.198,2715.7,578.79,192.50,94.0,125.21,1.46000,6169.5,1982.3,430.0,7.4,188.3
1985-08-01,3116.6,50.364,2752.1,565.11,188.30,92.4,134.61,1.45000,6180.7,1996.8,425.7,7.1,183.3
1985-09-01,3135.6,50.449,2794.7,550.98,184.10,92.1,97.92,1.41000,6209.5,2013.1,428.1,7.1,184.2
1985-10-01,3156.8,50.533,2755.8,555.21,186.20,88.4,91.53,1.34000,6242.3,2024.4,429.4,7.1,183.8
1985-11-01,3171.3,50.680,2771.1,587.29,197.50,90.9,121.13,1.44000,6252.6,2031.6,430.9,7.0,184.7
1985-12-01,3201.4,50.850,2811.3,614.73,207.30,93.9,128.09,1.42000,6295.7,2055.1,432.4,7.0,184.5
1986-01-01,3222.4,51.084,2827.1,615.71,208.20,95.6,154.19,1.39000,6277.3,2052.8,441.4,6.7,190.8
1986-02-01,3239.4,51.084,2820.2,650.62,219.40,95.9,156.12,1.44000,6310.2,2061.1,442.5,7.2,190.9
1986-03-01,3265.4,50.972,2823.6,692.04,232.30,95.1,106.30,1.50000,6369.7,2076.6,445.8,7.2,191.5
1986-04-01,3270.9,50.868,2835.2,710.32,238.00,96.2,114.61,1.40000,6390.2,2072.9,446.6,7.1,191.1
1986-05-01,3279.6,50.961,2857.5,709.85,238.50,94.8,129.12,1.20000,6394.4,2080.8,449.3,7.2,192.5
1986-06-01,3288.7,51.151,2861.7,726.09,245.30,99.3,153.03,1.21000,6395.7,2091.6,451.4,7.2,192.7
1986-07-01,3305.9,51.164,2881.2,711.00,240.20,97.7,149.12,1.28000,6416.9,2099.6,458.4,7.0,199.0
1986-08-01,3313.9,51.228,2898.6,723.88,245.00,94.9,142.63,1.46000,6441.9,2113.2,454.0,6.9,194.2
1986-09-01,3326.5,51.396,2971.8,700.89,238.30,91.9,171.52,1.31000,6448.0,2121.6,455.8,7.0,194.4
1986-10-01,3329.0,51.488,2932.9,697.61,237.40,95.6,121.41,1.38000,6448.9,2140.4,457.1,7.0,195.3
1986-11-01,3335.3,51.580,2928.4,719.59,245.10,91.4,92.62,1.39000,6461.9,2155.5,457.2,6.9,195.0
1986-12-01,3343.5,51.651,2997.1,729.20,248.60,89.1,90.30,1.48000,6485.2,2161.7,459.2,6.6,196.0
1987-01-01,3369.8,51.894,2935.5,770.96,264.50,90.4,93.66,1.36000,6473.4,2175.1,461.3,6.6,198.5
1987-02-01,3397.6,52.076,3001.7,815.82,280.90,90.2,70.56,1.27000,6493.4,2193.4,463.8,6.6,199.5
1987-03-01,3409.5,52.214,3013.3,845.72,292.50,90.8,69.18,1.25000,6511.4,2209.5,464.3,6.6,198.7
1987-04-01,3292.2,52.409,3038.8,832.02,289.30,92.8,77.08,1.19000,6507.7,2215.2,465.2,6.3,199.1
1987-05-01,3434.3,52.542,3048.4,828.50,289.10,91.1,59.87,1.18000,6542.1,2232.9,471.7,6.3,205.5
1987-06-01,3442.4,52.741,3072.8,860.71,301.40,91.5,87.21,1.20000,6546.4,2241.6,467.4,6.2,200.3
1987-07-01,3459.9,52.863,3094.7,883.22,310.10,93.7,68.67,1.19000,6570.7,2251.0,469.1,6.1,202.0
1987-08-01,3488.5,53.072,3130.8,933.27,329.40,94.4,56.68,1.13000,6613.8,2277.9,469.0,6.0,200.9
1987-09-01,3501.0,53.251,3126.5,898.24,318.70,93.6,63.75,1.13000,6622.5,2283.5,469.5,5.9,201.3
1987-10-01,3535.7,53.420,3134.5,787.68,280.20,89.3,122.52,1.10000,6670.6,2309.0,471.8,6.0,202.6
1987-11-01,3557.7,53.521,3144.2,688.13,245.00,83.1,137.26,1.22000,6709.9,2325.5,471.4,5.8,201.4
1987-12-01,3598.2,53.620,3174.1,676.89,241.00,86.8,115.30,1.18000,6793.8,2360.7,473.3,5.7,201.9
1988-01-01,3622.3,53.828,3213.7,701.75,250.50,90.8,109.53,1.19000,6765.9,2349.4,486.8,5.7,212.1
1988-02-01,3650.9,53.908,3221.4,721.17,258.10,91.6,79.71,1.22000,6800.9,2367.3,487.3,5.7,211.7
1988-03-01,3680.1,54.093,3260.5,739.22,265.70,94.6,74.65,1.18000,6808.8,2381.9,495.7,5.7,216.6
1988-04-01,3712.1,54.356,3263.0,726.85,262.60,91.2,76.27,1.23000,6839.6,2407.5,492.3,5.4,214.2
1988-05-01,3729.1,54.514,3293.6,706.45,256.10,94.8,86.12,1.14000,6848.1,2419.2,493.3,5.6,213.0
1988-06-01,3759.7,54.746,3318.5,743.56,270.70,94.7,76.77,1.14000,6876.1,2437.9,495.0,5.4,213.3
1988-07-01,3794.4,55.012,3342.7,736.04,269.10,93.4,79.23,1.15000,6911.5,2456.5,497.2,5.4,214.0
1988-08-01,3816.8,55.175,3368.0,718.24,263.70,97.4,84.92,1.10000,6929.8,2457.8,499.9,5.6,214.3
1988-09-01,3843.1,55.444,3375.0,725.08,268.00,97.3,56.78,1.08000,6946.2,2474.3,501.8,5.4,214.1
1988-10-01,3876.5,55.625,3413.7,748.02,277.40,94.1,90.76,0.90000,6989.1,2505.1,503.9,5.4,214.4
1988-11-01,3886.6,55.754,3430.2,730.15,271.00,93.0,101.32,1.03000,6988.0,2502.9,506.9,5.3,214.5
1988-12-01,3917.4,55.928,3459.7,743.73,276.50,91.9,77.44,1.08000,7026.0,2517.7,509.5,5.3,214.5
1989-01-01,3953.4,56.215,3483.7,763.87,285.40,97.9,87.74,1.03000,7072.7,2536.5,526.0,5.4,223.3
1989-02-01,3977.5,56.402,3488.0,783.65,294.00,95.4,65.21,0.97000,7093.0,2535.4,529.4,5.2,224.1
1989-03-01,4011.8,56.612,3498.8,775.72,292.70,94.3,62.26,0.87000,7121.5,2550.5,538.9,5.0,230.3
1989-04-01,4017.4,56.989,3543.0,795.96,302.30,91.5,73.03,0.82000,7099.5,2566.3,536.9,5.2,227.2
1989-05-01,4013.3,57.197,3551.8,821.82,313.90,90.7,77.93,0.89000,7066.7,2555.9,537.7,5.2,225.6
1989-06-01,4033.3,57.322,3566.6,845.43,323.70,90.6,86.28,0.93000,7084.0,2568.2,541.8,5.3,227.5
1989-07-01,4057.1,57.459,3585.7,864.76,331.90,92.0,99.29,0.94000,7108.6,2589.4,544.2,5.2,226.7
1989-08-01,4068.4,57.466,3620.6,901.61,346.60,89.6,66.16,0.92000,7120.2,2586.4,547.7,5.2,228.0
1989-09-01,4089.7,57.594,3621.9,900.54,347.30,95.8,50.69,0.90000,7137.5,2600.9,551.8,5.3,228.7
1989-10-01,4126.2,57.819,3633.6,896.50,347.40,93.9,81.41,0.89000,7172.8,2631.4,556.0,5.3,227.4
1989-11-01,4139.4,57.945,3643.3,875.82,340.20,90.9,82.96,0.92000,7175.1,2631.8,560.6,5.4,231.1
1989-12-01,4151.9,58.113,3684.2,896.03,348.60,90.5,87.58,0.96000,7185.9,2643.8,559.9,5.4,228.6
1990-01-01,4208.4,58.553,3730.7,864.93,339.97,93.0,106.66,0.95000,7184.9,2658.7,576.9,5.4,240.7
1990-02-01,4236.3,58.811,3728.2,836.77,330.45,89.5,105.75,0.92000,7210.5,2687.2,579.2,5.3,240.3
1990-03-01,4254.0,59.033,3754.9,852.39,338.46,91.3,75.65,0.84000,7216.8,2707.4,582.4,5.2,242.1
1990-04-01,4290.8,59.157,3770.0,850.36,338.18,93.9,79.11,0.84000,7262.7,2731.9,587.4,5.4,243.6
1990-05-01,4296.0,59.290,3775.8,878.67,350.25,90.6,78.46,0.94000,7252.9,2732.9,589.2,5.4,242.4
1990-06-01,4321.9,59.552,3804.5,899.23,360.39,88.3,84.32,0.96000,7261.7,2751.6,594.7,5.2,245.4
1990-07-01,4348.3,59.699,3821.7,894.89,360.03,88.2,88.52,0.96000,7289.9,2769.3,596.1,5.5,243.6
1990-08-01,4350.4,60.096,3848.3,814.62,330.75,76.4,142.37,1.00000,7242.0,2760.2,597.7,5.7,242.9
1990-09-01,4375.8,60.465,3870.1,770.39,315.41,72.8,135.28,1.08000,7231.3,2778.5,606.2,5.9,247.7
1990-10-01,4365.5,60.811,3870.6,745.65,307.12,63.9,136.89,1.21000,7159.5,2763.1,612.7,5.9,245.1
1990-11-01,4373.0,60.888,3871.9,763.77,315.29,66.0,151.21,1.32000,7156.9,2766.3,615.7,6.2,246.1
1990-12-01,4403.1,60.945,3861.3,796.38,328.75,65.5,128.84,1.38000,7186.8,2787.3,624.1,6.3,249.8
1991-01-01,4408.2,61.177,3841.0,783.79,325.49,66.8,136.99,1.41000,7117.2,2771.3,636.4,6.4,259.8
1991-02-01,4417.2,61.208,3866.7,871.04,362.26,70.4,127.83,1.24000,7116.1,2769.7,641.5,6.6,260.9
1991-03-01,4425.6,61.221,3913.0,893.81,372.28,87.7,98.58,1.16000,7120.0,2774.2,647.0,6.8,263.2
1991-04-01,4451.4,61.332,3907.1,910.23,379.68,81.8,93.16,1.08000,7136.9,2782.6,657.2,6.7,262.8
1991-05-01,4470.7,61.586,3933.2,903.50,377.99,78.3,74.90,1.00000,7134.8,2794.0,662.0,6.9,264.6
1991-06-01,4501.2,61.690,3940.5,901.56,378.29,82.1,85.93,0.95000,7174.5,2823.8,665.1,6.9,263.6
1991-07-01,4499.2,61.787,3966.0,904.85,380.23,82.9,110.87,0.89000,7156.6,2813.2,665.2,6.8,263.7
1991-08-01,4519.7,61.931,3969.1,923.96,389.40,82.0,106.94,0.90000,7166.3,2825.2,670.5,6.9,266.0
1991-09-01,4547.3,62.144,3984.7,914.72,387.20,83.0,121.00,0.90000,7185.1,2845.8,676.6,6.9,265.5
1991-10-01,4562.2,62.260,3976.0,912.64,386.88,78.3,114.08,0.94000,7169.7,2839.5,694.0,7.0,265.1
1991-11-01,4578.6,62.397,4003.6,907.73,385.92,69.1,172.65,0.97000,7186.3,2853.0,693.3,7.0,266.0
1991-12-01,4630.9,62.553,4020.5,913.16,388.51,68.2,190.54,0.95000,7232.8,2881.3,708.9,7.3,269.4
1992-01-01,4681.8,62.638,4084.7,976.54,416.08,67.5,165.45,0.93000,7251.5,2887.5,722.9,7.3,277.8
1992-02-01,4713.9,62.797,4099.5,964.79,412.56,68.8,169.71,0.94000,7290.1,2921.2,725.6,7.4,278.1
1992-03-01,4729.5,62.949,4117.0,947.84,407.36,76.0,125.66,0.90000,7294.4,2929.9,732.5,7.4,279.8
1992-04-01,4755.6,63.119,4131.5,946.60,407.41,77.2,98.95,0.88000,7313.2,2936.2,741.8,7.4,280.9
1992-05-01,4784.1,63.203,4158.4,962.41,414.81,79.2,96.91,0.85000,7352.4,2954.0,745.9,7.6,282.6
1992-06-01,4812.6,63.315,4177.1,943.86,408.27,80.4,123.27,0.83000,7384.2,2965.8,749.1,7.8,281.7
1992-07-01,4824.8,63.524,4204.8,957.49,415.05,76.6,138.97,0.77000,7373.5,2969.3,753.6,7.7,283.1
1992-08-01,4848.2,63.609,4220.9,961.39,417.93,76.1,153.66,0.70000,7401.0,2989.0,757.8,7.6,282.6
1992-09-01,4833.4,63.713,4255.3,959.93,418.48,75.6,162.56,0.70000,7363.9,2971.3,761.4,7.6,282.8
1992-10-01,4819.2,63.938,4284.7,942.88,412.50,73.3,192.95,0.85000,7321.0,2940.5,764.5,7.3,284.7
1992-11-01,4836.0,64.064,4300.5,965.15,422.84,85.3,153.51,0.86000,7353.6,2962.2,756.8,7.4,282.1
1992-12-01,5017.2,64.176,4336.4,995.07,435.64,91.0,103.45,0.83000,7655.0,3159.7,764.6,7.4,285.0
1993-01-01,4919.8,64.332,4340.7,989.25,435.23,89.3,114.88,0.76000,7390.7,3000.4,779.9,7.3,296.4
1993-02-01,4950.7,64.429,4355.3,1000.45,441.70,86.6,115.30,0.68000,7432.5,3029.3,779.7,7.1,294.5
1993-03-01,4945.5,64.561,4352.5,1016.06,450.16,85.9,138.47,0.57000,7403.9,3018.1,785.3,7.0,295.8
1993-04-01,4984.4,64.733,4393.4,997.31,443.08,85.6,116.83,0.68000,7473.1,3063.8,784.6,7.1,297.9
1993-05-01,4992.6,64.933,4422.4,1000.80,445.25,80.3,156.06,0.78000,7476.3,3074.1,783.7,7.1,296.7
1993-06-01,4985.0,64.955,4440.0,1005.72,448.06,81.5,131.54,0.74000,7456.5,3061.4,789.8,7.0,296.6
1993-07-01,5005.5,65.059,4468.9,1003.99,447.29,77.0,122.79,0.76000,7477.1,3084.5,795.9,6.9,298.5
1993-08-01,5021.3,65.170,4481.1,1016.53,454.13,77.3,148.24,0.75000,7489.9,3104.9,801.2,6.8,298.0
1993-09-01,5012.8,65.238,4511.5,1025.84,459.24,77.9,129.70,0.68000,7469.1,3091.5,802.8,6.7,299.2
1993-10-01,5004.1,65.443,4532.8,1031.98,463.90,82.7,81.80,0.64000,7439.5,3076.0,800.8,6.8,299.4
1993-11-01,5027.4,65.567,4554.1,1029.03,462.89,81.2,100.99,0.73000,7461.7,3081.5,802.4,6.6,299.1
1993-12-01,5199.9,65.582,4571.1,1035.83,465.95,88.2,87.75,0.76000,7752.5,3266.6,809.9,6.5,303.2
1994-01-01,5103.9,65.604,4585.1,1048.61,472.99,94.3,93.80,0.73000,7565.0,3142.6,816.4,6.6,307.2
1994-02-01,5125.3,65.756,4632.6,1041.92,471.58,93.2,79.95,0.68000,7574.1,3147.9,818.0,6.6,308.8
1994-03-01,5156.2,65.937,4646.0,1021.27,463.81,91.5,85.95,0.65000,7597.7,3167.7,820.1,6.5,310.5
1994-04-01,5162.3,66.015,4671.1,983.43,447.23,92.6,114.52,0.64000,7676.1,3215.7,823.5,6.4,311.9
1994-05-01,5229.4,66.111,4669.5,990.82,450.90,92.8,111.18,0.63000,7698.1,3228.2,822.2,6.1,311.9
1994-06-01,5233.9,66.272,4708.9,996.08,454.83,91.2,78.49,0.68000,7687.8,3226.0,822.9,6.1,311.5
1994-07-01,5254.9,66.481,4720.6,985.91,451.40,89.0,91.79,0.69000,7706.9,3247.4,823.1,6.1,312.6
1994-08-01,5273.3,66.634,4762.6,1009.87,464.24,91.7,89.14,0.67000,7716.3,3254.6,827.4,6.0,312.9
1994-09-01,5302.2,66.708,4775.0,1013.07,466.96,91.5,98.47,0.64000,7752.9,3274.2,830.1,5.9,313.4
1994-10-01,5361.6,66.821,4812.9,1005.56,463.81,92.7,81.10,0.63000,7815.2,3309.0,843.4,5.8,314.1
1994-11-01,5371.6,66.948,4825.6,998.15,461.01,91.6,118.83,0.64000,7811.0,3305.1,846.4,5.6,313.3
1994-12-01,5399.4,66.991,4841.6,985.55,455.19,95.1,89.84,0.64000,7843.2,3320.8,854.1,5.5,317.9
1995-01-01,5427.5,67.127,4851.2,1003.31,465.25,97.6,136.11,0.62000,7865.0,3344.0,869.4,5.6,322.8
1995-02-01,5447.9,67.246,4850.8,1035.13,481.92,95.1,134.42,0.59000,7881.4,3358.2,873.7,5.4,324.9
1995-03-01,5473.0,67.370,4885.4,1055.75,493.15,90.3,97.52,0.58000,7899.5,3372.1,878.8,5.4,326.6
1995-04-01,5446.7,67.547,4890.2,1083.77,507.91,92.5,69.45,0.57000,7912.6,3390.8,879.5,5.8,326.6
1995-05-01,5510.3,67.651,4933.1,1115.49,523.81,89.8,64.41,0.55000,7912.5,3387.0,885.6,5.6,328.2
1995-06-01,5532.1,67.717,4977.5,1146.33,539.35,92.7,93.44,0.60000,7948.3,3407.8,885.3,5.6,327.8
1995-07-01,5551.2,67.802,4970.2,1184.63,557.37,94.4,89.76,0.63000,7974.2,3426.9,889.9,5.7,327.9
1995-08-01,5566.7,67.948,5005.3,1185.22,559.11,96.2,46.76,0.62000,7989.2,3436.2,890.8,5.7,327.9
1995-09-01,5588.5,67.995,5020.5,1224.49,578.77,88.9,53.66,0.61000,8026.4,3453.6,890.4,5.6,330.1
1995-10-01,5609.1,68.171,5013.9,1229.26,582.92,90.2,80.67,0.63000,8050.8,3470.3,885.4,5.5,328.7
1995-11-01,5624.0,68.169,5055.6,1256.67,595.53,88.2,91.45,0.66000,8085.1,3481.2,882.7,5.6,328.0
1995-12-01,5642.2,68.300,5097.5,1297.69,614.57,91.0,113.52,0.67000,8094.0,3488.1,889.9,5.6,332.6
1996-01-01,5662.1,68.452,5085.7,1289.81,614.42,89.3,115.50,0.66000,8102.2,3490.8,908.1,5.6,336.0
1996-02-01,5714.6,68.560,5132.8,1359.14,649.54,88.5,90.44,0.64000,8172.2,3531.9,915.4,5.5,338.7
1996-03-01,5750.2,68.767,5173.3,1347.01,647.07,93.7,81.63,0.68000,8196.0,3550.7,924.7,5.5,342.6
1996-04-01,5732.6,68.973,5208.0,1342.05,647.17,92.7,64.90,0.69000,8210.4,3563.5,934.8,5.6,341.1
1996-05-01,5815.0,69.092,5223.8,1368.58,661.23,89.4,74.13,0.68000,8251.9,3585.6,936.1,5.6,341.2
1996-06-01,5849.6,69.091,5229.8,1382.74,668.50,92.4,73.29,0.69000,8312.8,3620.7,938.2,5.3,341.9
1996-07-01,5846.0,69.237,5251.9,1329.66,644.07,94.7,65.25,0.70000,8303.0,3622.4,933.2,5.5,342.5
1996-08-01,5865.9,69.303,5275.0,1365.47,662.68,95.3,71.99,0.72000,8338.0,3646.5,931.3,5.1,343.1
1996-09-01,5895.9,69.499,5296.6,1386.21,674.88,94.7,70.33,0.69000,8369.8,3672.8,930.9,5.2,342.3
1996-10-01,5912.8,69.709,5328.5,1436.25,701.46,96.5,70.33,0.68000,8375.9,3678.8,930.4,5.2,342.9
1996-11-01,5939.0,69.833,5351.2,1503.45,735.67,99.2,62.71,0.69000,8405.9,3703.6,932.7,5.4,345.5
1996-12-01,5965.5,69.914,5378.6,1518.94,743.25,96.9,63.94,0.69000,8442.0,3730.4,934.8,5.4,346.2
1997-01-01,5989.6,70.005,5411.1,1560.96,766.22,97.4,72.06,0.67000,8477.0,3746.3,950.8,5.3,355.8
1997-02-01,6018.1,70.151,5434.0,1621.40,798.39,99.7,64.32,0.63000,8516.0,3777.9,947.1,5.2,350.7
1997-03-01,6052.4,70.225,5454.2,1604.73,792.16,100.0,64.99,0.63000,8555.7,3804.9,952.8,5.2,355.2
1997-04-01,6062.3,70.294,5459.3,1545.61,763.93,101.4,58.06,0.61000,8568.6,3816.5,949.8,5.1,355.1
1997-05-01,6085.8,70.262,5460.2,1686.59,833.09,103.2,77.92,0.62000,8614.9,3834.9,948.6,4.9,356.3
1997-06-01,6113.1,70.352,5494.2,1771.83,876.29,104.5,77.96,0.61000,8648.6,3855.5,951.6,5.0,356.2
1997-07-01,6140.2,70.394,5548.8,1868.58,925.29,107.1,58.03,0.61000,8692.3,3873.4,953.1,4.9,356.6
1997-08-01,6177.3,70.450,5587.0,1869.02,927.24,104.4,69.15,0.60000,8748.6,3907.8,956.2,4.8,358.4
1997-09-01,6208.4,70.620,5601.7,1884.05,937.02,106.0,49.32,0.55000,8778.2,3927.7,959.2,4.9,357.6
1997-10-01,6247.1,70.712,5637.7,1907.75,951.16,105.6,74.45,0.57000,8831.7,3958.9,960.2,4.7,358.2
1997-11-01,6288.0,70.716,5661.1,1884.36,938.92,107.2,81.30,0.55000,8902.2,4000.5,961.9,4.6,357.5
1997-12-01,6323.4,70.701,5692.1,1933.82,962.37,102.1,64.06,0.56000,8957.7,4017.8,967.0,4.7,361.5
1998-01-01,6382.2,70.736,5689.9,1932.22,963.36,106.6,110.97,0.58000,9045.0,4049.8,971.0,4.6,364.9
1998-02-01,6420.1,70.699,5723.8,2049.52,1023.74,110.4,85.12,0.58000,9112.6,4076.6,974.2,4.6,366.2
1998-03-01,6458.7,70.710,5750.3,2151.81,1076.83,106.5,70.96,0.60000,9171.8,4098.3,978.8,4.7,368.8
1998-04-01,6487.7,70.798,5788.1,2218.39,1112.20,108.7,77.97,0.64000,9212.6,4118.9,979.7,4.3,367.6
1998-05-01,6523.5,70.895,5837.9,2206.78,1108.42,106.5,64.90,0.61000,9262.9,4150.6,980.4,4.4,368.3
1998-06-01,6554.9,70.835,5871.7,2204.01,1108.39,105.6,64.30,0.60000,9319.7,4167.0,983.1,4.5,368.7
1998-07-01,6582.3,71.010,5890.0,2297.02,1156.58,105.2,68.22,0.60000,9343.9,4187.2,982.1,4.5,370.2
1998-08-01,6612.2,71.108,5925.0,2131.63,1074.62,104.4,121.53,0.62000,9384.0,4224.8,983.8,4.5,370.1
1998-09-01,6627.0,71.067,5965.6,2022.08,1020.64,100.9,154.07,0.69000,9414.7,4240.2,987.7,4.6,371.8
1998-10-01,6650.0,71.223,5998.8,2040.53,1032.47,97.4,113.83,0.81000,9433.7,4262.1,990.3,4.5,370.1
1998-11-01,6676.8,71.226,6015.4,2261.80,1144.43,102.7,95.26,0.93000,9478.1,4293.5,995.3,4.4,370.2
1998-12-01,6695.6,71.298,6070.5,2353.39,1190.05,100.5,83.71,1.01000,9497.8,4310.4,1000.6,4.4,373.3
1999-01-01,6742.4,71.398,6073.9,2463.50,1248.77,103.9,89.71,1.05000,9526.4,4342.2,1011.9,4.3,376.6
1999-02-01,6761.5,71.358,6099.2,2456.19,1246.58,108.1,65.29,0.99000,9569.7,4373.1,1012.7,4.4,376.2
1999-03-01,6772.2,71.412,6133.0,2517.66,1281.66,105.7,56.36,0.91000,9574.7,4378.5,1019.0,4.2,378.1
1999-04-01,6782.6,71.757,6199.5,2603.04,1334.76,104.6,50.69,0.84000,9556.6,4394.2,1014.2,4.3,378.7
1999-05-01,6798.7,71.804,6232.1,2597.79,1332.07,106.8,48.12,0.79000,9577.7,4412.9,1017.7,4.2,378.7
1999-06-01,6823.7,71.826,6260.3,2579.23,1322.55,107.3,51.01,0.79000,9612.4,4420.9,1021.7,4.3,379.5
1999-07-01,6854.6,72.017,6287.6,2685.12,1380.99,106.0,69.27,0.76000,9639.2,4449.1,1024.7,4.3,380.0
1999-08-01,6895.9,72.148,6331.9,2574.92,1327.49,104.5,54.72,0.75000,9681.7,4475.5,1032.5,4.2,381.0
1999-09-01,6911.6,72.407,6386.5,2544.66,1318.17,107.2,58.79,0.81000,9676.6,4496.4,1035.5,4.2,381.4
1999-10-01,6961.1,72.529,6411.4,2505.12,1300.01,103.2,56.07,0.83000,9739.5,4535.5,1039.2,4.1,383.2
1999-11-01,7012.5,72.594,6448.7,2678.87,1391.00,107.2,54.53,0.79000,9816.9,4576.7,1039.5,4.1,380.4
1999-12-01,7083.4,72.763,6541.0,2751.44,1428.68,105.4,73.09,0.64000,9904.0,4640.0,1045.5,4.0,384.7
2000-01-01,7149.3,72.961,6542.9,2737.35,1425.59,112.0,57.55,0.55000,10000.3,4724.5,1052.4,4.0,391.2
2000-02-01,7199.7,73.191,6625.3,2651.14,1388.87,111.3,50.60,0.61000,10045.9,4756.4,1056.9,4.1,392.1
2000-03-01,7249.8,73.505,6686.5,2730.44,1442.21,107.1,64.99,0.69000,10078.6,4773.6,1060.9,4.0,394.2
2000-04-01,7280.3,73.444,6679.1,2765.08,1461.36,109.2,59.76,0.76000,10127.6,4779.1,1069.4,3.8,395.1
2000-05-01,7316.5,73.505,6709.7,2680.82,1418.48,110.7,77.52,0.91000,10135.7,4760.8,1094.8,4.0,414.9
2000-06-01,7361.9,73.754,6746.9,2748.57,1461.96,106.4,67.24,0.81000,10184.3,4797.3,1087.0,4.0,404.0
2000-07-01,7419.9,73.939,6768.5,2762.92,1473.00,108.3,53.87,0.70000,10244.3,4857.3,1091.4,4.0,401.4
2000-08-01,7465.6,73.934,6802.8,2786.29,1485.46,107.3,47.64,0.71000,10298.3,4866.8,1098.7,4.1,403.8
2000-09-01,7506.6,74.252,6888.6,2739.36,1468.05,106.8,67.99,0.73000,10308.4,4889.8,1103.9,3.9,406.4
2000-10-01,7538.4,74.353,6893.8,2589.51,1390.14,105.8,67.59,0.79000,10337.7,4899.5,1106.2,3.9,403.6
2000-11-01,7552.2,74.457,6909.8,2565.50,1378.04,107.6,138.22,0.83000,10350.5,4898.0,1103.6,3.9,400.2
2000-12-01,7579.4,74.571,6952.2,2479.22,1330.93,98.4,124.63,0.81000,10354.8,4896.3,1122.6,3.9,409.8
2001-01-01,7651.7,74.932,6987.4,2472.34,1335.63,94.7,123.21,0.78000,10400.3,4956.7,1147.9,4.2,419.2
2001-02-01,7672.4,75.048,7001.8,2407.41,1305.75,90.6,122.26,0.77000,10421.6,4984.4,1154.7,4.2,420.5
2001-03-01,7696.3,75.055,6996.7,2181.39,1185.85,91.5,124.46,0.86000,10452.6,4997.3,1164.3,4.3,422.7
2001-04-01,7693.8,75.187,7004.2,2180.06,1189.84,88.4,105.17,0.87000,10410.4,4972.0,1181.8,4.4,423.0
2001-05-01,7700.2,75.385,7052.8,2317.13,1270.37,92.0,96.31,0.78000,10376.7,4958.0,1188.7,4.3,422.9
2001-06-01,7716.5,75.518,7069.7,2255.58,1238.71,92.6,70.57,0.79000,10362.4,4954.2,1191.7,4.5,422.2
2001-07-01,7829.0,75.493,7082.3,2199.37,1204.45,92.4,91.90,0.84000,10360.8,4943.1,1193.0,4.6,432.3
2001-08-01,7958.2,75.484,7121.7,2151.99,1178.50,91.5,80.84,0.83000,10353.3,4934.5,1186.4,4.9,426.6
2001-09-01,7863.3,75.227,7007.0,1898.99,1044.64,81.8,234.57,0.86000,10339.7,4930.2,1197.1,5.0,426.2
2001-10-01,7751.2,75.492,7212.9,1963.68,1076.59,82.7,236.41,0.88000,10281.1,4930.2,1226.0,5.3,425.8
2001-11-01,7755.0,75.441,7182.3,2064.00,1129.68,83.9,154.39,0.84000,10274.1,4938.8,1234.3,5.5,427.7
2001-12-01,7761.5,75.363,7166.7,2100.15,1144.93,88.8,127.57,1.28000,10277.7,4944.2,1245.2,5.7,431.9
2002-01-01,7931.2,75.431,7184.6,2086.77,1140.21,93.0,141.64,1.32000,10282.4,4938.3,1259.7,5.7,443.0
2002-02-01,7957.1,75.558,7225.2,2006.48,1100.67,90.7,86.75,1.38000,10284.8,4939.5,1261.1,5.7,445.6
2002-03-01,7984.4,75.763,7243.4,2091.55,1153.79,95.7,94.43,1.30000,10284.1,4959.8,1259.3,5.7,440.0
2002-04-01,8044.6,76.080,7312.5,2004.45,1111.93,93.0,74.52,1.27000,10280.0,4977.2,1279.1,5.9,445.4
2002-05-01,8082.0,76.130,7288.9,1945.54,1079.25,96.9,89.66,1.34000,10307.9,4995.2,1284.0,5.8,445.3
2002-06-01,8116.2,76.225,7322.5,1826.94,1014.02,92.4,87.07,1.32000,10339.8,5022.6,1283.7,5.8,445.8
2002-07-01,8113.3,76.393,7387.3,1626.17,903.59,88.1,126.56,1.37000,10302.9,5000.6,1287.2,5.8,446.4
2002-08-01,8130.8,76.543,7412.6,1636.84,912.55,87.6,114.96,1.21000,10300.4,5012.7,1291.4,5.7,448.3
2002-09-01,8153.5,76.681,7391.5,1554.01,867.81,86.1,138.87,1.25000,10302.1,5023.1,1297.8,5.7,449.5
2002-10-01,8190.0,76.821,7435.2,1527.88,854.63,80.6,113.34,1.41000,10322.1,5024.2,1300.5,5.7,446.9
2002-11-01,8220.6,76.897,7463.8,1626.74,909.93,84.2,136.55,1.31000,10344.9,5029.0,1304.3,5.9,450.5
2002-12-01,8250.8,76.971,7519.9,1611.08,899.18,86.7,153.67,1.24000,10360.2,5028.0,1314.4,6.0,456.2
2003-01-01,8268.0,77.201,7541.3,1598.03,895.84,82.4,184.77,1.18000,10324.3,5012.4,1320.2,5.8,456.4
2003-02-01,8274.7,77.526,7548.6,1481.70,837.03,79.9,192.12,1.11000,10285.2,5021.3,1322.9,5.9,457.6
2003-03-01,8313.4,77.725,7611.5,1489.75,846.63,77.6,212.57,1.06000,10298.6,5047.3,1329.7,5.9,460.4
2003-04-01,8342.9,77.593,7634.5,1569.52,890.03,86.0,135.48,1.11000,10341.0,5065.7,1332.9,6.0,460.2
2003-05-01,8394.8,77.504,7650.3,1653.22,935.96,92.1,116.64,1.16000,10417.3,5108.4,1341.0,6.1,465.1
2003-06-01,8426.0,77.588,7699.6,1743.24,988.00,89.7,89.30,1.22000,10450.0,5130.0,1347.9,6.3,464.0
2003-07-01,8552.3,77.816,7757.0,1749.34,992.54,90.9,82.49,1.13000,10457.1,5142.3,1354.9,6.2,462.8
2003-08-01,8640.1,78.079,7852.1,1737.42,989.53,89.3,89.77,1.13000,10473.1,5169.5,1362.1,6.1,466.1
2003-09-01,8568.6,78.323,7853.7,1784.14,1019.44,87.7,96.16,1.07000,10491.3,5194.3,1366.0,6.1,465.5
2003-10-01,8602.1,78.333,7867.4,1819.87,1038.73,89.6,65.80,1.03000,10547.7,5233.0,1358.7,6.0,465.7
2003-11-01,8664.9,78.432,7922.6,1844.42,1049.90,93.7,61.47,1.01000,10621.1,5271.0,1358.4,5.8,466.2
2003-12-01,8690.8,78.605,7950.4,1900.48,1080.64,92.6,73.57,0.98000,10611.8,5264.0,1372.4,5.7,472.6
2004-01-01,8719.7,78.909,8007.1,1982.04,1132.52,103.8,93.05,0.90000,10578.0,5264.9,1385.5,5.7,474.2
2004-02-01,8753.9,79.077,8040.4,1990.27,1143.36,94.4,83.25,0.77000,10580.1,5267.5,1399.7,5.6,482.2
2004-03-01,8802.8,79.199,8098.8,1944.01,1123.98,95.8,63.19,0.78000,10619.2,5291.1,1406.2,5.8,482.6
2004-04-01,8849.0,79.346,8107.2,1953.97,1133.36,94.2,59.88,0.73000,10655.2,5331.2,1411.9,5.6,484.1
2004-05-01,8922.0,79.604,8176.5,1890.19,1102.78,90.2,76.70,0.71000,10720.8,5395.4,1416.5,5.6,484.8
2004-06-01,8952.9,79.831,8157.6,1935.44,1132.76,95.6,79.36,0.77000,10734.6,5415.6,1419.5,5.6,485.5
2004-07-01,8981.0,79.905,8236.9,1892.45,1105.85,96.7,60.95,0.80000,10788.8,5465.3,1412.9,5.5,479.5
2004-08-01,9012.9,79.946,8271.6,1862.53,1088.94,95.9,70.38,0.81000,10816.8,5498.1,1431.3,5.4,492.8
2004-09-01,9034.6,80.104,8341.5,1907.63,1117.66,94.2,75.09,0.81000,10834.4,5514.9,1432.5,5.4,486.2
2004-10-01,9075.8,80.448,8397.1,1896.87,1117.21,91.7,102.47,0.74000,10842.5,5532.5,1437.5,5.5,488.2
2004-11-01,9081.3,80.758,8444.5,1983.66,1168.94,92.8,72.19,0.68000,10809.0,5527.5,1443.2,5.4,489.0
2004-12-01,9419.8,80.801,8504.4,2042.51,1199.21,97.1,40.13,0.68000,11216.7,5548.3,1458.3,5.4,497.0
2005-01-01,9082.2,80.907,8497.7,2007.98,1181.41,95.5,66.99,0.66000,10842.0,5562.5,1475.9,5.3,501.1
2005-02-01,9109.5,81.132,8559.1,2027.25,1199.63,94.1,63.73,0.62000,10836.7,5577.5,1491.5,5.4,510.2
2005-03-01,9169.2,81.375,8598.4,2003.59,1194.90,92.6,55.76,0.66000,10877.8,5583.9,1496.9,5.2,508.2
2005-04-01,9223.7,81.603,8678.4,1939.45,1164.43,87.7,66.46,0.72000,10909.6,5616.7,1510.4,5.2,513.2
2005-05-01,9268.6,81.649,8671.6,1964.54,1178.28,86.9,73.07,0.86000,10963.9,5635.1,1512.9,5.1,511.8
2005-06-01,9293.1,81.700,8753.4,2003.47,1202.25,96.0,59.69,0.90000,10996.5,5661.8,1514.6,5.0,513.6
2005-07-01,9342.1,82.046,8853.8,2027.40,1222.24,96.5,50.88,0.89000,11029.5,5716.1,1509.5,5.0,513.1
2005-08-01,9394.8,82.377,8850.1,2020.43,1224.27,89.1,56.09,0.87000,11028.8,5734.7,1534.8,4.9,515.1
2005-09-01,9452.2,83.172,8900.4,1998.73,1225.92,76.9,85.25,0.90000,10998.5,5764.0,1540.5,5.0,514.0
2005-10-01,9520.0,83.305,8938.5,1939.46,1191.96,74.2,63.00,0.95000,11081.4,5795.2,1536.5,5.0,515.4
2005-11-01,9559.6,83.131,8946.2,2029.65,1237.37,81.6,48.77,0.97000,11158.5,5813.5,1539.8,5.0,514.4
2005-12-01,9588.8,83.131,8981.1,2078.58,1262.07,91.5,60.03,0.95000,11206.7,5835.6,1537.4,4.9,522.7
2006-01-01,9732.7,83.534,9071.6,2090.09,1278.73,91.2,63.64,0.95000,11309.9,5929.4,1591.5,4.7,538.3
2006-02-01,9781.2,83.584,9096.0,2082.49,1276.65,86.7,59.09,0.92000,11389.7,5981.5,1583.1,4.8,535.1
2006-03-01,9837.6,83.746,9132.9,2098.75,1293.74,88.9,51.51,0.88000,11441.6,6003.2,1590.3,4.7,540.7
2006-04-01,9880.7,84.135,9191.6,2094.60,1302.17,87.4,69.78,0.84000,11453.9,6025.6,1593.2,4.7,542.0
2006-05-01,9900.9,84.361,9231.8,2064.79,1290.01,79.1,67.52,0.80000,11437.1,5996.9,1603.0,4.6,542.9
2006-06-01,9938.1,84.569,9259.6,2001.87,1253.17,84.9,67.89,0.89000,11447.3,6015.4,1612.2,4.6,546.0
2006-07-01,9967.9,84.858,9343.8,2007.23,1260.24,84.7,74.71,0.91000,11430.6,6042.3,1622.6,4.7,544.7
2006-08-01,9990.9,85.125,9342.2,2046.07,1287.15,82.0,71.15,0.91000,11414.5,6054.4,1630.5,4.7,544.8
2006-09-01,10018.2,84.902,9375.4,2105.02,1317.74,85.4,39.14,0.92000,11486.6,6089.0,1631.9,4.5,548.8
2006-10-01,10039.9,84.702,9393.6,2189.80,1363.38,93.6,42.94,0.91000,11562.6,6126.9,1624.5,4.4,545.7
2006-11-01,10084.2,84.731,9400.2,2233.69,1388.64,92.1,50.22,0.87000,11624.9,6171.7,1629.9,4.5,545.8
2006-12-01,10168.2,85.032,9488.3,2274.99,1416.42,91.7,38.21,0.90000,11683.5,6244.6,1653.3,4.4,554.3
2007-01-01,10200.4,85.316,9538.7,2280.46,1424.16,96.9,56.95,0.94000,11666.7,6302.9,1694.1,4.6,565.1
2007-02-01,10265.8,85.581,9566.0,2301.20,1444.80,91.3,58.38,0.89000,11713.7,6351.7,1710.0,4.5,567.6
2007-03-01,10337.0,85.894,9611.7,2220.69,1406.95,88.4,54.72,0.97000,11765.5,6376.6,1716.0,4.4,572.2
2007-04-01,10376.5,86.096,9643.6,2295.26,1463.64,87.1,44.37,0.92000,11801.5,6369.8,1708.0,4.5,570.7
2007-05-01,10412.7,86.346,9685.8,2355.35,1511.14,88.3,55.79,0.92000,11811.5,6362.4,1710.5,4.4,577.9
2007-06-01,10429.1,86.529,9706.8,2355.54,1514.19,85.3,50.80,0.91000,11807.8,6378.8,1712.6,4.6,576.5
2007-07-01,10456.3,86.661,9751.1,2366.29,1520.71,90.4,38.93,0.92000,11812.0,6388.5,1719.9,4.7,573.8
2007-08-01,10467.3,86.720,9798.9,2267.61,1454.62,83.4,81.75,0.86000,11798.6,6382.0,1731.9,4.6,577.5
2007-09-01,10524.1,87.054,9845.1,2327.45,1497.12,83.4,79.89,0.85000,11808.3,6422.2,1746.3,4.7,583.4
2007-10-01,10547.9,87.318,9882.7,2388.47,1539.66,80.9,72.21,0.82000,11791.6,6431.2,1751.1,4.7,576.4
2007-11-01,10594.8,87.781,9955.9,2256.75,1463.39,76.1,64.19,0.96000,11784.9,6474.7,1758.3,4.7,577.7
2007-12-01,10663.8,87.984,9972.8,2282.69,1479.22,75.5,92.00,1.16000,11825.3,6515.8,1778.7,5.0,589.2
2008-01-01,10705.5,88.206,9996.4,2117.14,1378.76,78.4,182.06,1.21000,11830.2,6518.9,1793.0,5.0,594.0
2008-02-01,10731.1,88.382,9981.7,2074.43,1354.87,70.8,118.07,1.29000,11841.2,6536.7,1799.6,4.9,594.5
2008-03-01,10765.4,88.635,10035.3,1999.03,1316.94,69.5,121.87,1.38000,11844.7,6562.6,1816.2,5.1,603.5
2008-04-01,10745.4,88.799,10070.3,2067.75,1370.47,62.6,100.47,1.42000,11775.0,6530.5,1846.5,5.0,599.6
2008-05-01,11322.5,89.180,10132.3,2099.48,1403.22,59.8,84.73,1.36000,11728.6,6532.7,2419.7,5.4,604.7
2008-06-01,11117.6,89.827,10187.1,1986.74,1341.25,56.4,98.48,1.39000,11669.1,6534.8,2178.9,5.6,604.3
2008-07-01,10999.7,90.245,10185.1,1852.70,1257.33,61.2,101.75,1.49000,11623.9,6532.3,2024.7,5.8,608.7
2008-08-01,10929.5,90.172,10175.7,1895.84,1281.47,63.0,91.44,1.51000,11680.1,6550.9,1893.8,6.1,608.4
2008-09-01,10964.1,90.247,10116.4,1802.88,1216.95,70.3,183.97,1.66000,11678.3,6558.2,1905.7,6.1,609.5
2008-10-01,10973.7,89.651,10034.1,1449.90,968.80,57.6,243.47,2.60000,11749.8,6579.9,1912.7,6.5,609.3
2008-11-01,10937.5,88.593,9885.2,1347.36,883.04,55.3,220.65,3.09000,11812.4,6538.2,1922.3,6.8,611.3
2008-12-01,10826.1,88.098,9801.5,1352.99,877.56,60.1,165.28,3.38000,11680.5,6433.4,1948.3,7.3,618.7
2009-01-01,10891.5,88.108,9847.2,1328.74,865.58,61.2,215.22,3.09000,11475.8,6287.4,2014.5,7.8,648.1
2009-02-01,10805.4,88.266,9824.5,1229.98,805.23,56.3,238.86,2.81000,11296.4,6211.3,2036.6,8.3,651.9
2009-03-01,10794.3,88.169,9773.2,1153.70,757.13,57.3,189.93,2.92000,11225.3,6178.0,2068.0,8.7,655.6
2009-04-01,10878.0,88.295,9772.5,1289.18,848.15,65.1,139.22,3.00000,11215.7,6235.4,2106.5,9.0,661.9
2009-05-01,11048.4,88.387,9791.6,1367.70,902.41,68.7,122.91,2.52000,11207.2,6264.2,2274.0,9.4,657.4
2009-06-01,10912.3,88.912,9852.4,1391.68,926.12,70.8,107.17,1.89000,11120.7,6263.8,2155.3,9.5,668.0
2009-07-01,10864.9,88.922,9886.3,1408.49,935.82,66.0,121.46,1.68000,11067.3,6238.2,2157.3,9.5,665.1
2009-08-01,10875.2,89.180,10004.1,1516.33,1009.73,65.7,94.86,1.32000,11040.4,6238.2,2165.5,9.6,662.0
2009-09-01,10924.7,89.324,9927.8,1567.64,1044.55,73.5,91.20,1.18000,11032.9,6235.3,2206.2,9.8,676.7
2009-10-01,10932.5,89.663,9976.7,1600.78,1067.66,70.6,81.96,1.14000,11031.5,6259.0,2178.4,10.0,673.0
2009-11-01,10987.9,89.887,9985.7,1630.23,1088.07,67.4,111.38,1.13000,11063.7,6289.3,2185.0,9.9,671.5
2009-12-01,11044.5,89.939,10052.6,1666.59,1110.38,72.5,129.59,1.11000,11090.7,6289.2,2213.6,9.9,682.5
2010-01-01,11073.7,90.136,10056.1,1680.66,1123.58,74.4,156.73,0.99000,11065.2,6246.2,2294.2,9.8,676.2
2010-02-01,11079.0,90.134,10093.4,1628.77,1089.16,73.6,151.77,0.99000,11055.9,6211.2,2302.8,9.8,678.6
2010-03-01,11138.2,90.261,10156.0,1715.77,1152.05,73.6,110.03,1.00000,11099.4,6242.4,2312.7,9.9,681.7
2010-04-01,11240.7,90.310,10182.3,1780.10,1197.32,72.2,87.82,0.96000,11218.9,6315.6,2310.3,9.9,688.9
2010-05-01,11328.4,90.339,10210.8,1671.37,1125.06,73.6,118.89,1.09000,11326.7,6384.0,2311.6,9.6,689.9
2010-06-01,11327.3,90.301,10231.3,1611.00,1083.36,76.0,127.63,1.35000,11339.4,6382.5,2311.4,9.4,689.0
2010-07-01,11345.9,90.378,10268.1,1605.36,1079.80,67.8,176.80,1.29000,11368.1,6410.2,2314.7,9.4,693.4
2010-08-01,11395.1,90.502,10307.1,1614.26,1087.28,68.9,161.47,1.17000,11387.7,6427.8,2347.1,9.5,690.7
2010-09-01,11405.0,90.592,10327.1,1664.95,1122.08,68.2,213.93,1.13000,11399.6,6429.5,2346.6,9.5,696.7
2010-10-01,11443.8,90.881,10386.4,1736.24,1171.58,67.7,229.32,1.04000,11418.9,6458.3,2346.4,9.4,696.4
2010-11-01,11478.1,91.062,10433.6,1775.97,1198.89,71.6,169.90,1.05000,11440.1,6461.6,2348.2,9.8,695.5
2010-12-01,11573.0,91.268,10471.0,1835.98,1241.53,74.5,157.47,1.08000,11523.9,6500.9,2355.8,9.3,705.1
2011-01-01,11662.3,91.542,10514.3,1887.75,1282.62,74.2,139.75,1.05000,11708.4,6553.2,2362.9,9.1,702.9
2011-02-01,11728.2,91.797,10540.6,1934.87,1321.12,77.5,118.36,0.93000,11761.8,6586.6,2358.9,9.0,701.6
2011-03-01,11744.3,92.166,10619.7,1892.06,1304.49,67.5,140.79,0.90000,11734.0,6592.1,2363.6,9.0,704.9
2011-04-01,11774.2,92.557,10652.1,1918.90,1331.51,69.8,116.03,0.86000,11719.4,6594.9,2365.9,9.1,712.8
2011-05-01,11795.2,92.838,10672.2,1919.67,1338.31,74.3,93.22,0.82000,11715.9,6598.9,2362.5,9.0,711.6
2011-06-01,11840.7,92.819,10694.8,1848.46,1287.29,71.5,126.06,0.76000,11785.7,6630.8,2356.5,9.1,711.7
2011-07-01,11906.1,92.977,10731.6,1901.20,1325.19,63.7,200.15,0.83000,11856.3,6696.0,2352.2,9.0,714.8
2011-08-01,11928.6,93.196,10750.3,1695.84,1185.31,55.8,253.92,0.99000,11854.7,6680.7,2352.4,9.0,715.7
2011-09-01,11928.6,93.327,10783.2,1676.94,1173.88,59.5,221.51,1.18000,11840.1,6668.2,2351.6,9.0,717.5
2011-10-01,11938.4,93.329,10802.9,1728.14,1207.22,60.8,133.75,1.39000,11842.3,6629.7,2354.2,8.8,718.0
2011-11-01,11954.4,93.520,10806.8,1757.10,1226.42,63.7,133.72,1.27000,11829.9,6605.0,2356.5,8.6,718.8
2011-12-01,12069.5,93.574,10817.8,1785.72,1243.32,69.9,186.00,1.32000,11949.8,6678.1,2367.1,8.5,728.7
2012-01-01,12175.6,93.894,10896.8,1859.78,1300.58,75.0,156.17,1.38000,12032.0,6781.0,2334.4,8.3,749.2
2012-02-01,12261.2,94.104,10987.2,1925.53,1352.49,75.3,112.69,1.29000,12108.5,6848.6,2336.7,8.3,752.2
2012-03-01,12319.4,94.284,10993.9,1962.94,1389.24,76.2,90.25,1.24000,12142.7,6879.3,2350.0,8.2,758.3
2012-04-01,12382.9,94.408,11018.5,1953.07,1386.43,76.4,94.95,1.23000,12191.2,6891.0,2358.8,8.2,756.8
2012-05-01,12365.1,94.302,11006.8,1891.67,1341.27,79.3,120.23,1.27000,12183.0,6861.9,2361.7,8.2,756.8
2012-06-01,12344.6,94.254,10989.8,1869.33,1323.48,73.2,169.63,1.38000,12168.5,6875.0,2367.9,8.2,764.6
2012-07-01,12257.1,94.288,11016.8,1923.73,1359.78,72.3,171.59,1.47000,12080.6,6863.1,2362.5,8.2,762.1
2012-08-01,12262.1,94.605,11056.0,1974.52,1403.45,74.3,149.65,1.43000,12061.8,6886.6,2357.6,8.1,759.6
2012-09-01,12386.3,94.893,11105.3,2021.74,1443.42,78.3,146.60,1.35000,12161.3,6968.5,2374.1,7.8,773.7
2012-10-01,12507.6,95.174,11137.4,2014.68,1437.82,82.6,161.70,1.11000,12268.6,7003.2,2372.9,7.8,763.1
2012-11-01,12664.4,95.109,11178.4,1963.29,1394.51,82.7,208.19,1.01000,12457.7,7092.1,2382.4,7.7,767.9
2012-12-01,12973.2,95.094,11181.2,2007.81,1422.29,72.9,211.77,0.98000,12812.9,7187.1,2397.2,7.9,781.5
2013-01-01,12238.4,95.275,11252.4,2083.68,1480.40,73.8,204.00,0.93000,12052.3,7050.9,2397.7,8.0,784.7
2013-02-01,12251.7,95.614,11290.5,2111.30,1512.31,77.6,145.21,0.95000,12028.1,7040.6,2401.7,7.7,789.4
2013-03-01,12272.1,95.488,11290.1,2159.43,1550.83,78.6,137.83,0.92000,12065.8,7040.1,2411.0,7.5,795.9
2013-04-01,12298.9,95.391,11281.1,2189.38,1570.70,76.4,89.17,0.86000,12133.9,7073.1,2400.5,7.6,786.2
2013-05-01,12365.9,95.461,11321.6,2281.69,1639.84,84.5,78.38,0.84000,12186.3,7108.0,2419.6,7.5,797.7
2013-06-01,12394.8,95.673,11344.4,2246.98,1618.77,84.1,81.67,0.92000,12182.7,7127.8,2428.6,7.5,801.7
2013-07-01,12397.0,95.792,11372.6,2315.35,1668.68,85.1,93.22,0.98000,12155.0,7093.9,2428.6,7.3,799.2
2013-08-01,12441.9,95.934,11406.6,2314.52,1670.09,82.1,92.88,0.88000,12176.8,7113.5,2435.9,7.2,803.9
2013-09-01,12503.0,95.976,11445.9,2335.47,1687.17,77.5,116.72,0.83000,12235.2,7131.1,2439.1,7.2,803.8
2013-10-01,12468.6,96.103,11498.0,2387.11,1720.03,73.2,176.28,0.78000,12189.0,7146.1,2438.7,7.2,803.4
2013-11-01,12510.6,96.246,11562.5,2480.32,1783.54,75.1,83.82,0.75000,12228.0,7199.7,2440.9,6.9,809.4
2013-12-01,12551.8,96.414,11593.2,2514.24,1807.78,82.5,90.94,0.76000,12256.4,7243.2,2449.9,6.7,813.1
2014-01-01,12636.2,96.614,11578.8,2525.12,1822.36,81.2,95.63,0.70000,12325.9,7310.3,2461.0,6.6,822.8
2014-02-01,12708.5,96.660,11636.9,2508.48,1817.04,81.6,83.49,0.65000,12398.8,7361.0,2472.1,6.7,824.0
2014-03-01,12798.5,96.815,11722.3,2556.18,1863.52,80.0,72.93,0.68000,12463.0,7404.5,2489.2,6.7,827.7
2014-04-01,12870.0,96.987,11762.3,2548.79,1864.26,84.1,63.76,0.66000,12494.1,7399.4,2507.3,6.2,829.9
2014-05-01,12932.6,97.147,11807.3,2574.68,1889.77,81.9,68.40,0.60000,12517.4,7403.9,2529.6,6.3,831.9
2014-06-01,12993.0,97.253,11861.7,2647.84,1947.09,82.5,68.90,0.55000,12562.1,7424.8,2543.5,6.1,833.2
2014-07-01,13037.2,97.391,11904.4,2684.26,1973.10,81.8,72.39,0.57000,12593.5,7457.7,2556.5,6.2,834.2
2014-08-01,13093.2,97.379,11983.7,2672.99,1961.53,82.5,53.54,0.61000,12657.1,7508.1,2569.2,6.1,836.1
2014-09-01,13137.0,97.413,11991.4,2714.14,1993.23,84.6,57.97,0.69000,12701.3,7543.2,2578.9,5.9,839.1
2014-10-01,13195.9,97.384,12064.7,2644.59,1937.27,86.9,66.29,0.77000,12769.9,7584.4,2587.2,5.7,841.2
2014-11-01,13255.0,97.291,12083.9,2806.21,2044.57,88.8,58.18,0.87000,12848.6,7640.2,2593.7,5.8,842.7
2014-12-01,13323.7,97.120,12096.1,2835.60,2054.27,93.6,66.24,0.95000,12933.1,7678.3,2610.5,5.6,852.8
2015-01-01,13335.7,96.654,12066.7,2812.83,2028.18,98.1,80.65,0.99000,13038.7,7717.9,2628.7,5.7,859.4
2015-02-01,13408.1,96.825,12116.6,2875.26,2082.20,95.4,68.66,0.90000,13086.9,7752.2,2642.2,5.5,861.3
2015-03-01,13397.8,97.008,12176.1,2855.22,2079.99,93.0,62.27,0.90000,13043.4,7768.5,2661.3,5.4,864.8
2015-04-01,13439.5,97.094,12209.1,2869.79,2094.86,95.9,66.03,0.96000,13080.5,7796.3,2673.5,5.4,866.2
2015-05-01,13494.8,97.327,12275.4,2878.52,2111.94,90.7,62.86,0.91000,13108.5,7840.7,2684.7,5.6,870.5
2015-06-01,13529.3,97.516,12307.9,2851.29,2099.29,96.1,67.03,0.94000,13116.2,7855.4,2688.9,5.3,868.8
2015-07-01,13572.5,97.605,12364.9,2844.10,2094.14,93.1,74.31,1.05000,13138.7,7884.0,2694.8,5.2,872.3
2015-08-01,13602.8,97.612,12396.2,2774.33,2039.87,91.9,76.01,1.15000,13165.5,7908.5,2699.7,5.1,874.7
2015-09-01,13619.5,97.477,12386.4,2648.62,1944.41,87.2,87.06,1.27000,13200.8,7916.4,2703.0,5.0,874.8
2015-10-01,13643.6,97.477,12394.9,2759.38,2024.81,90.0,65.75,1.39000,13235.8,7946.6,2706.4,5.0,877.3
2015-11-01,13648.6,97.538,12423.2,2841.43,2080.62,91.3,55.51,1.40000,13227.7,7953.5,2713.6,5.1,880.2
2015-12-01,13702.2,97.456,12452.0,2814.81,2054.08,92.6,71.08,1.49000,13278.2,7973.8,2728.2,5.0,891.2
2016-01-01,13767.2,97.496,12478.0,2624.81,1918.60,92.0,80.38,1.45000,13294.9,7991.6,2733.8,4.8,883.7
2016-02-01,13773.8,97.445,12554.5,2603.27,1904.42,91.7,78.93,1.38000,13288.1,7984.3,2747.6,4.9,887.3
2016-03-01,13806.0,97.673,12537.0,2752.08,2021.95,91.0,63.63,1.31000,13286.4,8002.3,2754.9,5.0,887.2
2016-04-01,13822.6,97.993,12611.5,2811.69,2075.54,89.0,52.44,1.17000,13263.0,8026.6,2762.5,5.1,893.0
2016-05-01,13834.7,98.153,12652.7,2786.88,2065.55,94.7,55.18,1.03000,13253.1,8030.8,2769.3,4.8,893.7
2016-06-01,13868.1,98.325,12731.2,2802.42,2083.89,93.5,133.65,1.03000,13272.8,8060.2,2771.4,4.9,892.9
2016-07-01,13924.8,98.342,12756.7,2894.53,2148.90,90.0,94.67,0.94000,13334.6,8102.7,2778.4,4.8,897.0
2016-08-01,13960.5,98.479,12788.1,2921.55,2170.95,89.8,71.41,0.92000,13344.9,8105.9,2789.8,4.9,899.9
2016-09-01,14019.0,98.666,12846.6,2896.74,2157.69,91.2,50.29,0.90000,13385.3,8149.4,2793.0,5.0,901.3
2016-10-01,14073.7,98.868,12867.0,2873.47,2143.02,87.2,69.45,0.87000,13402.3,8188.1,2809.4,4.9,910.6
2016-11-01,14116.1,98.901,12893.0,2907.45,2164.99,93.8,125.67,0.85000,13450.8,8208.6,2805.1,4.7,904.5
2016-12-01,14180.1,99.071,13005.9,3016.10,2246.63,98.2,123.93,0.77000,13499.3,8244.5,2809.2,4.7,906.6
2017-01-01,14294.2,99.451,13063.7,3036.65,2275.12,98.5,144.14,0.74000,13541.3,8286.9,2826.9,4.7,913.3
2017-02-01,14356.4,99.586,13088.4,3100.02,2329.91,96.3,119.43,0.69000,13589.2,8318.0,2831.2,4.6,915.0
2017-03-01,14408.5,99.535,13139.9,3146.58,2366.82,96.9,112.85,0.67000,13642.8,8328.0,2836.2,4.4,920.7
2017-04-01,14468.8,99.725,13169.2,3127.32,2359.31,97.0,101.36,0.70000,13682.6,8371.6,2831.6,4.4,918.9
2017-05-01,14563.6,99.682,13171.9,3172.38,2395.35,97.1,92.19,0.70000,13780.7,8396.3,2837.0,4.4,921.7
2017-06-01,14583.9,99.766,13225.2,3220.63,2433.99,95.0,95.06,0.69000,13790.9,8438.4,2845.9,4.3,925.4
2017-07-01,14630.7,99.803,13263.3,3249.48,2454.10,93.4,100.41,0.69000,13837.7,8481.0,2856.1,4.3,927.4
2017-08-01,14681.5,100.027,13294.6,3242.58,2456.22,96.8,73.29,0.68000,13860.4,8508.2,2870.2,4.4,929.0
2017-09-01,14764.1,100.400,13417.3,3273.59,2492.84,95.1,84.19,0.67000,13903.9,8565.6,2883.0,4.3,931.5
2017-10-01,14826.3,100.531,13447.5,3359.97,2557.00,100.7,70.21,0.72000,13963.2,8614.7,2894.0,4.2,939.3
2017-11-01,14870.2,100.675,13540.6,3407.99,2593.61,98.5,91.20,0.70000,14028.2,8673.5,2875.2,4.2,934.1
2017-12-01,14918.8,100.821,13666.1,3502.99,2664.34,95.9,90.57,0.71000,14062.3,8710.7,2881.0,4.1,936.6
2018-01-01,15064.6,101.199,13703.3,3648.07,2789.80,95.7,114.80,0.71000,14042.8,8750.1,2931.0,4.0,959.3
2018-02-01,15132.0,101.416,13738.7,3521.42,2705.16,99.7,84.04,0.69000,14068.6,8759.1,2936.6,4.1,958.1
2018-03-01,15202.6,101.524,13793.2,3510.37,2702.77,101.4,76.38,0.77000,14103.0,8778.4,2950.6,4.0,964.5
2018-04-01,15271.7,101.766,13838.4,3432.90,2653.63,98.8,88.60,0.82000,14121.8,8811.8,2958.0,4.0,965.1
2018-05-01,15349.7,101.941,13905.0,3480.34,2701.49,98.0,87.87,0.83000,14163.6,8836.5,2966.1,3.8,968.6
2018-06-01,15425.7,102.029,13930.4,3542.80,2754.35,98.2,103.79,0.87000,14226.0,8882.0,2974.2,4.0,971.3
2018-07-01,15508.8,102.137,13974.8,3593.09,2793.64,97.9,99.53,0.92000,14298.5,8933.7,2983.8,3.8,975.3
2018-08-01,15574.8,102.208,14014.0,3673.60,2857.82,96.2,85.71,0.89000,14356.7,8982.0,2990.5,3.8,978.4
2018-09-01,15605.6,102.418,14017.8,3725.41,2901.50,100.1,67.36,0.90000,14354.0,8991.4,2992.7,3.7,976.8
2018-10-01,15670.2,102.595,14083.1,3570.12,2785.46,98.6,90.25,0.93000,14370.2,8990.9,3006.9,3.8,986.3
2018-11-01,15717.7,102.630,14162.9,3502.09,2723.23,97.5,79.47,1.00000,14411.1,9009.1,3005.9,3.8,981.4
2018-12-01,15925.0,102.701,14051.6,3312.15,2567.31,98.3,127.53,1.11000,14599.3,9073.0,3019.0,3.9,983.9
2019-01-01,15947.1,102.648,14084.6,3357.46,2607.39,91.2,146.59,1.19000,14598.4,9164.1,3094.0,4.0,1016.6
2019-02-01,16001.2,102.836,14117.4,3532.42,2754.86,93.8,82.65,1.16000,14633.7,9219.8,3104.6,3.8,1018.5
2019-03-01,16043.6,103.069,14248.6,3575.23,2803.98,98.4,94.66,1.07000,14657.7,9281.9,3119.6,3.8,1022.5
2019-04-01,16055.6,103.360,14290.0,3683.01,2903.80,97.2,78.74,1.01000,14643.3,9274.2,3132.0,3.7,1023.7
2019-05-01,16065.5,103.435,14353.3,3613.05,2854.71,100.0,94.45,0.96000,14641.9,9261.0,3142.5,3.6,1026.5
2019-06-01,16103.7,103.484,14408.7,3657.21,2890.17,98.2,137.37,1.04000,14660.2,9284.8,3153.9,3.6,1029.9
2019-07-01,16145.0,103.622,14496.0,3784.94,2996.11,98.4,94.80,0.99000,14651.8,9283.3,3160.6,3.7,1031.8
2019-08-01,16238.4,103.670,14558.2,3660.55,2897.50,89.8,155.23,0.89000,14726.5,9338.9,3166.1,3.6,1034.2
2019-09-01,16282.7,103.733,14590.6,3764.55,2982.16,93.2,118.31,0.88000,14755.6,9364.8,3171.6,3.5,1037.3
2019-10-01,16332.8,103.917,14617.4,3750.33,2977.68,95.5,98.00,0.91000,14786.5,9441.7,3181.5,3.6,1045.5
2019-11-01,16400.2,104.024,14711.0,3912.66,3104.90,96.8,81.04,0.88000,14855.3,9494.9,3177.4,3.6,1045.2
2019-12-01,16358.1,104.307,14774.8,4006.84,3176.75,99.3,121.31,0.87000,14796.5,9492.3,3161.4,3.6,1037.3
2020-01-01,16552.7,104.490,14868.3,4118.83,3278.20,99.8,110.07,0.83000,14945.8,9644.3,3192.7,3.6,1064.7
2020-02-01,16625.5,104.573,14828.1,4106.46,3277.31,101.0,113.26,0.83000,15024.6,9731.7,3194.8,3.5,1067.5
2020-03-01,16370.4,104.271,13812.8,3330.68,2652.39,89.1,380.39,1.27000,14689.3,9506.8,3277.1,4.4,1073.1
2020-04-01,18703.3,103.838,12249.2,3491.64,2761.98,71.8,555.32,1.70000,13786.4,8706.4,6439.2,14.8,1074.9
2020-05-01,17780.7,103.942,13281.5,3690.85,2919.61,72.3,484.18,1.45000,14119.0,9018.3,5220.8,13.2,1076.0
2020-06-01,17774.4,104.270,14049.2,3903.42,3104.66,78.1,313.92,1.20000,14445.0,9269.8,4890.9,11.0,1074.1
2020-07-01,17987.1,104.578,14307.2,4012.57,3207.62,72.5,359.45,1.17000,14562.6,9345.4,4973.2,10.2,1078.1
2020-08-01,17344.6,104.870,14462.2,4229.52,3391.71,74.1,298.59,1.02000,14728.2,9443.1,4154.6,8.4,1081.0
2020-09-01,17471.8,105.057,14668.1,4191.02,3365.52,80.4,247.74,1.05000,14905.4,9514.9,4101.9,7.8,1081.6
2020-10-01,17424.0,105.151,14725.8,4255.48,3418.70,81.8,271.43,1.09000,15127.8,9713.5,3859.6,6.9,1089.8
2020-11-01,17239.3,105.258,14701.6,4420.36,3548.99,76.9,264.69,1.00000,15108.4,9823.5,3721.5,6.7,1086.4
2020-12-01,17327.5,105.699,14822.0,4598.28,3695.31,80.7,238.67,0.90000,15089.9,9866.5,3796.0,6.7,1087.9
2021-01-01,19306.1,106.147,15073.0,4700.77,3793.75,79.0,216.06,0.79000,15086.9,9894.1,5817.0,6.4,1103.7
2021-02-01,17776.2,106.500,14983.5,4785.70,3883.43,76.8,154.40,0.72000,15098.9,9838.8,4238.6,6.2,1105.3
2021-03-01,21959.4,107.054,15709.7,4785.17,3910.51,84.9,176.70,0.70000,15241.0,9902.7,8225.1,6.1,1109.1
2021-04-01,18741.2,107.618,15917.5,5026.12,4141.18,88.3,122.48,0.70000,15377.5,10059.3,4829.4,6.1,1107.9
2021-05-01,18299.5,108.175,15973.5,5018.26,4167.85,82.9,129.44,0.66000,15456.9,10171.6,4255.6,5.8,1107.7
2021-06-01,18306.9,108.760,16191.7,5056.34,4238.49,85.5,113.15,0.65000,15508.5,10281.0,4147.0,5.9,1112.8
2021-07-01,18511.8,109.256,16239.7,5180.81,4363.71,81.2,130.01,0.67000,15570.0,10390.8,4229.1,5.4,1113.1
2021-08-01,18547.5,109.674,16412.9,5277.34,4454.21,70.3,124.14,0.69000,15569.7,10439.7,4215.0,5.1,1118.7
2021-09-01,18401.3,110.034,16489.6,5252.81,4445.54,72.8,120.23,0.70000,15608.0,10521.1,3995.4,4.7,1118.2
2021-10-01,18529.1,110.762,16704.2,5227.30,4460.71,71.7,109.65,0.67000,15663.7,10665.8,3986.5,4.5,1129.0
2021-11-01,18600.5,111.500,16849.8,5442.75,4667.39,67.4,135.15,0.66000,15657.2,10766.4,3985.9,4.1,1125.5
2021-12-01,18631.4,112.191,16891.0,5434.67,4674.77,70.6,137.13,0.65000,15610.8,10848.2,3997.9,3.9,1124.3
2022-01-01,18277.5,112.805,16993.8,5272.93,4573.82,67.2,145.67,0.65000,15496.6,10834.3,4026.5,4.0,1196.1
2022-02-01,18387.6,113.471,17106.0,5067.74,4435.98,62.8,127.99,0.72000,15483.6,10899.3,4083.0,3.9,1198.1
2022-03-01,18457.9,114.469,17347.2,4950.56,4391.27,59.4,186.61,0.86000,15420.6,10942.4,4098.4,3.7,1203.3
2022-04-01,18511.9,114.812,17490.0,4923.11,4391.30,65.2,136.31,0.90000,15417.5,10959.0,4122.6,3.7,1204.7
2022-05-01,18601.3,115.525,17574.5,4480.29,4040.36,58.4,133.78,0.99000,15401.5,10991.5,4116.2,3.6,1207.2
2022-06-01,18734.1,116.638,17755.2,4264.89,3898.95,50.0,133.47,1.03000,15342.3,11033.9,4117.4,3.6,1208.5
2022-07-01,18975.2,116.631,17770.1,4279.38,3911.73,51.5,146.90,1.15000,15515.9,11196.6,4123.2,3.5,1210.5
2022-08-01,19141.5,116.956,17916.5,4551.03,4158.56,58.2,119.16,1.08000,15585.4,11275.2,4130.0,3.6,1215.3
2022-09-01,19276.0,117.371,17992.8,4204.87,3850.52,58.6,109.56,1.10000,15638.0,11362.3,4133.4,3.5,1216.9
2022-10-01,19428.1,117.919,18109.6,4052.50,3726.05,59.9,139.83,1.16000,15614.3,11333.4,4224.7,3.6,1228.9
2022-11-01,19509.7,118.224,18108.0,4265.02,3917.49,56.7,147.65,1.17000,15618.5,11319.8,4241.3,3.6,1224.7
2022-12-01,19625.4,118.384,18116.5,4272.58,3912.38,59.8,132.44,1.16000,15662.6,11325.4,4259.0,3.5,1223.8
2023-01-01,20121.6,119.018,18449.1,4290.99,3960.66,64.9,186.77,1.10000,15762.0,11442.8,4205.9,3.5,1336.4
2023-02-01,20289.8,119.369,18491.6,4395.41,4079.68,66.9,120.97,1.03000,15806.5,11480.6,4245.7,3.6,1340.9
2023-03-01,20438.8,119.538,18520.4,4261.58,3968.56,62.0,140.28,1.11000,15882.7,11514.3,4262.9,3.5,1345.4
2023-04-01,20553.0,119.951,18641.8,4403.50,4121.47,63.7,138.76,1.06000,15925.7,11580.1,4257.7,3.4,1349.5
2023-05-01,20660.8,120.150,18664.6,4418.77,4146.17,59.0,190.46,1.10000,15975.5,11633.7,4274.9,3.6,1353.0
2023-06-01,20739.2,120.469,18773.0,4616.16,4345.37,64.2,122.39,1.10000,16006.6,11710.8,4274.2,3.6,1355.5
2023-07-01,20804.4,120.607,18884.2,4779.88,4508.08,71.5,101.65,1.08000,16071.5,11784.6,4252.8,3.5,1356.5
2023-08-01,20896.8,120.970,18953.3,4672.70,4426.24,69.4,97.62,1.07000,16107.2,11838.8,4253.9,3.7,1360.9
2023-09-01,20982.8,121.419,19048.1,4643.07,4409.10,67.8,89.23,1.03000,16126.7,11885.0,4253.2,3.7,1362.3
2023-10-01,21065.7,121.484,19109.4,4486.70,4258.98,63.8,140.11,1.02000,16186.9,11912.6,4256.4,3.9,1378.9
2023-11-01,21171.5,121.493,19178.9,4708.03,4460.06,61.3,114.53,1.01000,16280.3,11974.0,4259.9,3.7,1370.0
2023-12-01,21267.0,121.660,19283.5,4950.44,4685.05,69.7,128.03,0.90000,16327.6,12031.4,4282.9,3.8,1374.7
2024-01-01,21480.9,122.230,19303.3,5049.14,4804.49,79.0,143.07,0.81000,16326.0,12062.7,4409.5,3.7,1422.8
2024-02-01,21571.0,122.598,19446.5,5234.78,5011.96,76.9,133.41,0.74000,16335.1,12158.0,4450.0,3.9,1425.9
2024-03-01,21674.2,123.038,19581.8,5365.75,5170.57,79.4,112.76,0.74000,16349.4,12227.9,4483.2,3.9,1434.1
2024-04-01,21754.1,123.341,19665.7,5267.30,5095.46,77.2,119.90,0.72000,16366.3,12260.0,4505.5,3.9,1437.7
2024-05-01,21847.5,123.348,19758.0,5402.80,5235.23,69.1,91.20,0.70000,16449.0,12334.5,4519.6,3.9,1439.8
2024-06-01,21928.1,123.539,19844.5,5586.59,5415.14,68.2,86.60,0.69000,16456.4,12357.0,4575.4,4.1,1445.5
2024-07-01,21953.2,123.736,19949.5,5711.75,5542.89,66.4,144.07,0.72000,16473.6,12398.8,4568.4,4.2,1450.1
2024-08-01,21992.2,123.889,20001.3,5665.17,5502.17,67.9,104.59,0.73000,16494.5,12465.7,4579.6,4.2,1453.7
2024-09-01,22062.3,124.164,20147.6,5783.52,5626.12,70.1,100.90,0.74000,16500.8,12510.7,4614.7,4.1,1458.9
2024-10-01,22171.5,124.494,20226.0,5947.52,5792.32,70.5,117.27,0.68000,16531.5,12566.8,4647.3,4.1,1472.0
2024-11-01,22247.7,124.637,20313.6,6092.10,5929.92,71.8,232.69,0.64000,16590.1,12632.4,4646.3,4.2,1467.9
2024-12-01,22329.3,124.979,20514.3,6173.12,6010.91,74.0,184.92,0.60000,16606.6,12680.8,4665.5,4.1,1467.4
2025-01-01,22435.3,125.417,20462.2,6100.94,5979.52,71.7,252.38,0.62000,16635.4,12721.7,4708.3,4.0,1504.4
2025-02-01,22551.4,125.921,20519.8,6134.07,6038.69,64.7,328.43,0.60000,16600.6,12787.0,4803.3,4.2,1514.7
2025-03-01,22704.4,125.941,20683.0,5760.82,5683.98,57.0,503.67,0.64000,16695.4,12857.3,4852.4,4.2,1570.5
2025-04-01,22873.1,126.150,20746.4,5425.18,5369.50,52.2,560.88,0.73000,16700.0,12857.5,4995.5,4.2,1678.6
2025-05-01,22722.6,126.380,20755.0,5858.95,5810.92,52.2,499.31,0.75000,16636.1,12865.3,4902.6,4.3,1556.0
2025-06-01,22764.1,126.743,20868.4,6059.13,6029.95,60.7,399.66,0.69000,16583.5,12857.3,4958.7,4.1,1587.9
2025-07-01,22864.9,126.957,21010.6,6317.43,6296.50,61.7,371.99,0.65000,16639.8,12929.9,4977.6,4.3,1574.5
2025-08-01,22948.9,127.287,21127.4,6411.84,6408.95,58.2,306.94,0.65000,16641.5,12970.6,5021.9,4.3,1578.6
2025-09-01,23022.4,127.626,21206.6,6570.27,6584.02,55.1,341.92,0.62000,16654.3,13017.6,5041.5,4.4,1571.8